STT,Age,Gender,Stream,Internships,CGPA,Hostel,HistoryOfBacklogs,PlacedOrNot
1,22,Male,Electronics And Communication,1,8,1,1,YES
2,21,Female,Computer Science,0,7,1,1,YES
3,22,Female,Information Technology,1,6,0,0,YES
4,21,Male,Information Technology,0,8,0,1,YES
5,22,Male,Mechanical,0,8,1,0,YES
6,22,Male,Electronics And Communication,0,6,0,0,NO
7,21,Male,Computer Science,0,7,0,1,NO
8,21,Male,Information Technology,1,7,0,0,NO
9,21,Male,Computer Science,2,6,0,0,YES
10,21,Female,Computer Science,1,6,1,0,NO
11,22,Male,Computer Science,1,7,0,0,NO
12,22,Female,Electrical,1,8,0,1,YES
13,21,Female,Computer Science,2,6,1,1,NO
14,21,Male,Computer Science,1,8,0,1,YES
15,21,Female,Electronics And Communication,2,8,0,0,YES
16,22,Male,Mechanical,0,8,1,0,YES
17,22,Female,Computer Science,1,7,1,0,NO
18,21,Male,Civil,0,6,0,0,NO
19,21,Male,Computer Science,1,7,0,0,NO
20,22,Male,Computer Science,1,7,0,0,NO
21,22,Male,Civil,0,8,0,0,YES
22,21,Male,Computer Science,1,6,0,0,NO
23,22,Male,Civil,0,7,0,0,NO
24,22,Male,Electronics And Communication,1,7,0,1,NO
25,22,Male,Electronics And Communication,0,7,0,0,NO
26,21,Male,Electrical,0,8,1,0,YES
27,22,Male,Electrical,1,8,0,0,YES
28,22,Male,Information Technology,1,8,0,0,YES
29,22,Male,Information Technology,1,8,0,0,YES
30,21,Male,Information Technology,0,6,0,0,YES
31,22,Male,Mechanical,1,8,1,0,YES
32,21,Male,Electrical,1,7,0,0,YES
33,21,Female,Civil,1,7,0,0,NO
34,21,Male,Electrical,0,7,0,0,NO
35,21,Male,Computer Science,1,6,0,0,YES
36,21,Male,Information Technology,1,6,0,0,NO
37,22,Male,Civil,0,7,0,0,YES
38,22,Male,Computer Science,1,8,0,0,YES
39,22,Male,Information Technology,1,6,0,0,NO
40,22,Male,Electronics And Communication,0,8,0,1,YES
41,22,Male,Electrical,1,6,0,1,NO
42,22,Male,Civil,0,8,1,0,YES
43,21,Male,Electrical,1,7,1,1,YES
44,21,Male,Electrical,1,7,0,0,YES
45,22,Female,Information Technology,2,8,0,0,YES
46,21,Female,Electronics And Communication,3,6,0,0,YES
47,22,Male,Computer Science,1,8,0,0,YES
48,21,Male,Electronics And Communication,1,7,0,1,YES
49,21,Male,Information Technology,2,7,0,0,YES
50,21,Female,Electronics And Communication,0,7,0,0,NO
51,22,Male,Electronics And Communication,0,8,0,0,YES
52,21,Male,Electrical,1,8,0,0,YES
53,21,Female,Computer Science,1,8,1,0,YES
54,21,Male,Electrical,3,6,1,1,NO
55,21,Female,Electronics And Communication,3,6,0,0,YES
56,21,Male,Computer Science,1,7,0,0,YES
57,21,Male,Electronics And Communication,0,8,0,0,YES
58,21,Male,Civil,0,8,0,0,YES
59,21,Male,Electronics And Communication,0,8,0,0,YES
60,21,Female,Electrical,1,8,0,0,YES
61,21,Male,Computer Science,2,9,0,1,YES
62,22,Male,Computer Science,0,8,0,0,YES
63,21,Male,Information Technology,0,8,0,0,YES
64,21,Male,Information Technology,0,9,0,0,YES
65,21,Male,Information Technology,1,8,1,0,YES
66,22,Male,Mechanical,0,9,0,0,YES
67,22,Male,Computer Science,1,9,0,0,YES
68,21,Male,Information Technology,0,8,0,0,YES
69,22,Male,Computer Science,2,9,0,0,YES
70,21,Male,Mechanical,0,8,1,1,YES
71,22,Male,Electrical,1,8,0,0,YES
72,22,Male,Information Technology,0,9,0,0,YES
73,22,Male,Computer Science,3,9,0,0,YES
74,21,Male,Information Technology,0,8,0,0,YES
75,22,Male,Information Technology,1,9,0,0,YES
76,21,Male,Civil,0,8,0,0,YES
77,21,Male,Mechanical,0,9,1,0,YES
78,22,Male,Mechanical,0,8,1,1,YES
79,22,Male,Information Technology,0,8,0,0,YES
80,21,Male,Computer Science,1,8,0,0,YES
81,21,Male,Civil,0,9,0,0,YES
82,21,Male,Computer Science,1,9,0,0,YES
83,22,Male,Mechanical,0,8,1,0,YES
84,21,Male,Information Technology,0,8,0,0,YES
85,21,Male,Mechanical,0,8,1,0,YES
86,21,Male,Electronics And Communication,2,7,0,0,YES
87,21,Male,Computer Science,0,8,0,0,YES
88,21,Male,Computer Science,0,6,0,0,NO
89,22,Female,Civil,1,6,1,0,NO
90,22,Male,Mechanical,1,7,0,0,NO
91,21,Male,Civil,1,8,0,1,YES
92,22,Male,Information Technology,1,6,0,0,YES
93,21,Male,Electrical,1,6,0,0,YES
94,22,Female,Information Technology,2,7,0,0,NO
95,22,Male,Electronics And Communication,0,6,0,0,NO
96,22,Male,Computer Science,1,8,0,0,YES
97,21,Male,Computer Science,2,7,0,0,NO
98,22,Male,Information Technology,0,8,0,0,YES
99,22,Female,Information Technology,0,7,0,0,NO
100,21,Male,Mechanical,0,7,0,0,NO
101,23,Male,Computer Science,0,7,0,0,YES
102,23,Male,Civil,0,6,0,0,YES
103,23,Male,Mechanical,1,5,0,0,NO
104,24,Male,Information Technology,2,6,0,0,YES
105,23,Male,Electrical,0,5,1,0,NO
106,23,Male,Information Technology,1,6,0,0,NO
107,24,Female,Information Technology,0,6,0,0,YES
108,24,Male,Information Technology,1,7,0,0,YES
109,24,Male,Civil,1,7,0,1,YES
110,23,Male,Information Technology,1,7,0,0,YES
111,23,Male,Information Technology,1,6,0,0,YES
112,24,Male,Electronics And Communication,1,6,0,1,YES
113,24,Male,Electrical,0,7,0,0,NO
114,23,Male,Information Technology,1,6,0,0,NO
115,24,Male,Computer Science,0,6,0,0,YES
116,23,Male,Electrical,0,6,0,0,NO
117,23,Male,Information Technology,1,7,1,0,YES
118,23,Male,Information Technology,1,7,1,0,YES
119,24,Male,Information Technology,3,5,0,1,YES
120,23,Male,Mechanical,0,6,1,0,YES
121,23,Female,Information Technology,2,6,0,0,YES
122,23,Male,Electronics And Communication,1,7,0,0,NO
123,23,Male,Information Technology,1,5,0,0,YES
124,23,Male,Information Technology,1,7,0,0,YES
125,23,Male,Mechanical,2,7,1,0,YES
126,24,Male,Information Technology,1,5,0,0,NO
127,24,Male,Information Technology,1,7,0,0,NO
128,24,Male,Computer Science,2,7,0,0,YES
129,24,Male,Electronics And Communication,0,5,0,0,NO
130,24,Male,Information Technology,1,7,0,0,YES
131,23,Male,Mechanical,0,6,1,1,YES
132,23,Male,Computer Science,0,6,0,0,NO
133,23,Female,Mechanical,1,7,1,0,NO
134,24,Male,Computer Science,1,6,0,0,YES
135,23,Male,Mechanical,1,6,1,1,YES
136,24,Male,Computer Science,0,6,0,0,YES
137,24,Male,Mechanical,0,6,0,0,YES
138,24,Male,Information Technology,0,5,0,0,YES
139,23,Male,Electrical,0,5,0,0,NO
140,24,Male,Electrical,0,5,1,0,NO
141,23,Male,Computer Science,1,5,0,0,YES
142,23,Male,Electronics And Communication,0,7,0,0,YES
143,24,Male,Information Technology,3,7,0,0,YES
144,24,Male,Computer Science,2,5,0,0,YES
145,24,Male,Computer Science,2,5,0,0,YES
146,23,Male,Civil,0,7,1,0,YES
147,24,Male,Information Technology,1,6,0,0,YES
148,23,Male,Mechanical,0,5,1,1,NO
149,23,Male,Electrical,0,6,0,0,NO
150,24,Male,Computer Science,1,7,0,0,YES
151,23,Male,Electrical,0,5,0,0,NO
152,24,Female,Information Technology,0,5,0,0,NO
153,23,Male,Computer Science,1,5,0,0,YES
154,23,Female,Electronics And Communication,2,6,0,0,NO
155,24,Male,Civil,0,7,0,0,YES
156,24,Male,Electronics And Communication,2,6,0,0,YES
157,23,Male,Information Technology,0,5,0,0,NO
158,24,Male,Computer Science,2,6,0,0,YES
159,23,Male,Computer Science,1,6,0,0,NO
160,24,Male,Computer Science,0,7,0,1,YES
161,22,Male,Electronics And Communication,0,7,0,0,YES
162,22,Male,Mechanical,0,5,1,0,NO
163,22,Male,Computer Science,1,5,0,0,NO
164,21,Male,Computer Science,1,6,0,0,YES
165,21,Male,Civil,3,6,1,0,YES
166,21,Male,Computer Science,0,6,0,1,YES
167,21,Male,Electrical,0,5,0,0,NO
168,21,Female,Information Technology,1,6,0,0,NO
169,22,Male,Computer Science,1,5,0,0,NO
170,22,Male,Computer Science,1,5,0,0,NO
171,21,Male,Civil,1,6,0,0,YES
172,21,Female,Information Technology,2,5,0,0,NO
173,21,Male,Information Technology,1,6,0,0,YES
174,22,Male,Civil,0,6,0,0,NO
175,22,Male,Civil,0,7,0,1,NO
176,21,Male,Information Technology,0,7,0,0,YES
177,21,Male,Electronics And Communication,0,7,0,0,YES
178,22,Female,Information Technology,1,7,1,0,NO
179,22,Male,Electrical,1,6,0,0,YES
180,21,Female,Mechanical,1,5,1,0,NO
181,22,Female,Information Technology,1,6,1,0,NO
182,22,Male,Computer Science,2,6,0,0,YES
183,21,Male,Electronics And Communication,1,6,0,1,NO
184,22,Male,Civil,0,5,0,0,NO
185,21,Male,Electrical,2,5,0,1,NO
186,22,Male,Civil,1,7,0,0,NO
187,21,Female,Computer Science,1,7,1,0,NO
188,21,Male,Computer Science,1,6,0,0,NO
189,22,Female,Electronics And Communication,1,5,1,0,NO
190,21,Female,Information Technology,0,6,0,0,NO
191,22,Male,Computer Science,0,5,0,0,NO
192,22,Male,Computer Science,0,5,0,0,NO
193,21,Male,Mechanical,0,7,1,0,NO
194,21,Male,Computer Science,0,5,0,0,NO
195,21,Male,Information Technology,0,5,0,1,NO
196,22,Female,Computer Science,1,5,1,0,NO
197,21,Male,Electronics And Communication,2,6,1,1,NO
198,21,Male,Information Technology,1,5,1,1,NO
199,22,Female,Computer Science,2,7,1,0,NO
200,21,Male,Computer Science,0,8,0,0,YES
201,21,Male,Computer Science,2,7,0,0,YES
202,22,Male,Computer Science,1,6,0,0,NO
203,21,Female,Information Technology,2,6,1,0,YES
204,21,Male,Electronics And Communication,1,7,0,0,NO
205,21,Female,Computer Science,1,7,1,0,NO
206,21,Male,Mechanical,0,8,1,0,YES
207,22,Male,Mechanical,0,8,1,0,YES
208,22,Male,Information Technology,1,6,0,0,NO
209,21,Female,Electrical,0,7,0,0,NO
210,21,Male,Mechanical,0,8,0,0,YES
211,21,Male,Computer Science,2,8,0,0,YES
212,21,Male,Information Technology,1,7,0,0,NO
213,22,Male,Information Technology,0,6,0,1,NO
214,22,Male,Information Technology,1,8,0,0,YES
215,21,Male,Electrical,1,7,0,0,YES
216,21,Female,Civil,1,6,0,0,NO
217,21,Male,Computer Science,3,6,0,0,YES
218,21,Male,Civil,1,7,1,0,NO
219,22,Male,Electrical,1,7,0,0,NO
220,21,Male,Electronics And Communication,2,6,1,1,NO
221,22,Male,Electrical,1,8,0,1,YES
222,22,Male,Computer Science,2,8,0,0,YES
223,21,Male,Mechanical,1,6,1,1,NO
224,22,Male,Computer Science,0,7,0,0,NO
225,22,Male,Civil,0,6,0,0,NO
226,21,Male,Civil,0,6,1,0,NO
227,21,Female,Computer Science,1,7,1,0,NO
228,21,Male,Computer Science,2,7,0,0,YES
229,21,Female,Mechanical,1,6,1,0,NO
230,22,Male,Mechanical,0,6,1,0,NO
231,22,Male,Electronics And Communication,1,8,0,0,YES
232,22,Male,Computer Science,1,8,0,0,YES
233,21,Female,Information Technology,0,8,0,0,YES
234,22,Male,Information Technology,1,7,0,0,NO
235,21,Male,Information Technology,0,8,0,1,YES
236,22,Male,Computer Science,1,8,0,0,YES
237,22,Male,Computer Science,1,7,0,0,NO
238,21,Female,Information Technology,2,7,0,0,YES
239,21,Female,Mechanical,1,8,1,0,YES
240,21,Female,Computer Science,1,6,1,0,NO
241,22,Female,Information Technology,1,7,0,0,NO
242,22,Female,Computer Science,0,6,1,0,NO
243,21,Male,Information Technology,2,8,1,0,YES
244,22,Male,Civil,0,7,1,1,NO
245,21,Male,Electrical,1,6,0,0,NO
246,21,Male,Electronics And Communication,2,6,0,0,YES
247,21,Male,Mechanical,1,7,1,0,NO
248,22,Male,Civil,0,7,0,0,NO
249,22,Female,Electrical,1,6,0,0,NO
250,22,Male,Computer Science,0,8,0,0,YES
251,21,Male,Computer Science,3,8,0,0,YES
252,21,Female,Information Technology,0,8,0,1,YES
253,22,Male,Electronics And Communication,0,6,0,0,NO
254,22,Male,Civil,1,7,0,0,NO
255,22,Male,Information Technology,1,8,1,1,YES
256,22,Female,Computer Science,1,8,1,1,YES
257,22,Male,Mechanical,1,8,1,0,YES
258,21,Male,Electrical,2,6,0,0,YES
259,22,Male,Electronics And Communication,1,6,0,0,NO
260,22,Male,Information Technology,0,8,0,0,YES
261,22,Female,Computer Science,1,7,1,0,NO
262,21,Male,Information Technology,1,8,0,0,YES
263,21,Male,Electrical,1,7,0,0,YES
264,22,Male,Mechanical,0,8,1,1,YES
265,21,Male,Civil,0,6,0,0,NO
266,21,Male,Information Technology,1,6,0,0,NO
267,21,Female,Information Technology,1,8,0,0,YES
268,22,Male,Electronics And Communication,1,8,1,1,YES
269,21,Male,Civil,1,7,0,0,NO
270,22,Male,Information Technology,2,6,0,0,YES
271,21,Male,Electrical,0,6,1,0,NO
272,22,Male,Information Technology,1,7,1,1,NO
273,21,Male,Electronics And Communication,0,6,0,0,NO
274,22,Male,Computer Science,0,8,0,1,YES
275,21,Male,Electronics And Communication,1,7,0,0,NO
276,22,Male,Mechanical,0,6,1,0,NO
277,21,Male,Civil,0,7,0,0,NO
278,21,Female,Civil,1,7,1,0,NO
279,21,Male,Computer Science,1,7,0,0,NO
280,21,Male,Information Technology,0,6,0,1,YES
281,21,Female,Electronics And Communication,2,7,0,0,YES
282,22,Female,Mechanical,1,8,1,0,YES
283,21,Male,Mechanical,0,6,1,1,YES
284,21,Male,Civil,0,7,1,0,YES
285,22,Male,Electronics And Communication,0,8,0,0,YES
286,21,Male,Electronics And Communication,1,6,1,1,YES
287,21,Male,Mechanical,2,6,1,0,NO
288,22,Male,Computer Science,0,8,0,0,YES
289,21,Male,Civil,0,7,0,0,NO
290,22,Male,Information Technology,0,7,0,0,NO
291,22,Male,Computer Science,0,7,0,0,NO
292,22,Male,Civil,1,6,1,0,NO
293,22,Female,Computer Science,2,6,1,1,NO
294,22,Male,Electronics And Communication,0,7,0,0,YES
295,21,Male,Civil,0,8,0,0,YES
296,21,Male,Civil,0,8,0,0,YES
297,22,Male,Computer Science,2,6,0,0,YES
298,22,Male,Computer Science,2,7,0,0,YES
299,22,Male,Electronics And Communication,1,7,1,1,YES
300,21,Male,Information Technology,2,7,0,0,YES
301,22,Male,Civil,0,6,0,0,NO
302,22,Male,Civil,1,6,0,0,YES
303,21,Male,Electronics And Communication,0,7,0,0,NO
304,21,Male,Information Technology,0,7,0,0,YES
305,22,Male,Electronics And Communication,1,8,0,0,YES
306,22,Male,Computer Science,0,6,0,1,NO
307,22,Male,Electrical,2,8,0,1,YES
308,22,Male,Information Technology,0,6,0,1,YES
309,22,Female,Computer Science,1,6,1,0,YES
310,21,Male,Electrical,0,8,0,0,YES
311,21,Male,Computer Science,1,7,0,0,YES
312,22,Male,Information Technology,2,7,0,1,YES
313,22,Female,Computer Science,1,8,1,0,YES
314,22,Male,Civil,0,6,0,0,YES
315,22,Male,Mechanical,0,6,1,0,YES
316,22,Male,Civil,0,7,0,0,NO
317,22,Female,Information Technology,0,6,0,0,YES
318,22,Male,Electrical,1,8,0,0,YES
319,21,Female,Computer Science,0,6,1,0,NO
320,21,Male,Computer Science,1,6,0,0,YES
321,21,Male,Computer Science,0,8,0,0,YES
322,21,Male,Mechanical,0,7,0,1,YES
323,21,Male,Computer Science,2,8,0,0,YES
324,22,Male,Civil,0,8,1,0,YES
325,21,Male,Mechanical,1,6,1,0,NO
326,22,Male,Computer Science,0,8,0,0,YES
327,21,Male,Computer Science,1,8,0,0,YES
328,21,Male,Electronics And Communication,0,6,0,0,NO
329,22,Male,Electronics And Communication,1,6,1,1,NO
330,22,Male,Information Technology,0,8,0,0,YES
331,21,Male,Computer Science,1,6,0,0,NO
332,22,Female,Electrical,0,6,0,0,YES
333,22,Male,Electronics And Communication,0,7,0,0,NO
334,21,Male,Information Technology,0,8,0,0,YES
335,22,Male,Mechanical,0,8,1,1,YES
336,22,Male,Mechanical,0,7,1,1,NO
337,21,Male,Electronics And Communication,0,8,0,0,YES
338,21,Male,Information Technology,1,6,0,0,NO
339,22,Female,Computer Science,2,7,1,0,YES
340,22,Male,Electronics And Communication,0,7,0,0,NO
341,21,Male,Electronics And Communication,1,7,0,1,YES
342,22,Male,Information Technology,0,8,0,0,YES
343,21,Male,Information Technology,0,8,0,0,YES
344,22,Female,Electrical,1,8,0,1,YES
345,22,Male,Information Technology,1,6,0,0,YES
346,22,Male,Mechanical,0,8,1,1,YES
347,21,Male,Mechanical,0,6,1,0,YES
348,21,Male,Electronics And Communication,1,8,0,0,YES
349,21,Male,Civil,0,7,0,0,NO
350,22,Female,Computer Science,1,8,1,0,YES
351,22,Female,Information Technology,1,7,0,0,YES
352,21,Male,Mechanical,1,6,1,0,NO
353,21,Male,Mechanical,0,7,1,0,YES
354,21,Male,Electronics And Communication,0,8,0,0,YES
355,22,Male,Computer Science,0,6,0,0,YES
356,22,Male,Electrical,0,6,0,1,NO
357,21,Male,Information Technology,2,8,0,0,YES
358,22,Male,Electrical,0,8,0,0,YES
359,21,Male,Electronics And Communication,1,7,0,0,NO
360,22,Male,Mechanical,0,7,1,0,YES
361,22,Male,Electronics And Communication,0,7,0,0,NO
362,21,Male,Computer Science,1,8,0,0,YES
363,22,Male,Electronics And Communication,0,8,0,0,YES
364,21,Male,Computer Science,0,8,0,1,YES
365,21,Male,Information Technology,1,7,0,1,NO
366,22,Male,Electronics And Communication,0,7,0,0,NO
367,22,Male,Computer Science,1,6,0,0,NO
368,21,Male,Computer Science,0,8,0,1,YES
369,21,Female,Electrical,0,6,0,0,NO
370,21,Male,Information Technology,0,6,0,0,NO
371,22,Male,Computer Science,2,8,0,0,YES
372,21,Female,Computer Science,1,7,1,0,NO
373,22,Male,Information Technology,0,6,0,0,NO
374,22,Male,Information Technology,0,6,0,0,NO
375,22,Male,Civil,1,6,1,0,NO
376,22,Male,Mechanical,0,7,0,0,NO
377,21,Male,Mechanical,0,8,1,0,YES
378,21,Female,Information Technology,0,6,0,0,NO
379,21,Male,Mechanical,1,6,1,1,NO
380,22,Male,Computer Science,0,7,0,1,NO
381,21,Male,Computer Science,0,7,0,0,NO
382,22,Male,Information Technology,0,8,0,0,YES
383,21,Male,Computer Science,0,6,0,0,NO
384,21,Male,Information Technology,1,6,1,0,NO
385,22,Female,Electronics And Communication,1,6,0,1,NO
386,21,Male,Information Technology,0,6,0,0,NO
387,21,Male,Computer Science,1,8,0,0,YES
388,22,Male,Mechanical,1,6,1,0,NO
389,22,Female,Electronics And Communication,0,7,0,0,NO
390,22,Female,Information Technology,0,7,0,1,NO
391,22,Male,Civil,0,6,0,0,NO
392,22,Male,Mechanical,0,8,1,0,YES
393,21,Male,Electronics And Communication,0,8,0,0,YES
394,22,Male,Computer Science,1,6,0,0,NO
395,21,Male,Mechanical,0,6,1,0,NO
396,21,Male,Information Technology,1,8,0,0,YES
397,21,Male,Electronics And Communication,1,8,1,1,YES
398,21,Male,Electronics And Communication,2,8,0,0,YES
399,21,Female,Electronics And Communication,2,7,0,0,YES
400,21,Male,Information Technology,0,6,0,1,NO
401,22,Male,Electrical,0,6,0,0,NO
402,22,Male,Mechanical,1,6,0,0,NO
403,21,Male,Electronics And Communication,1,6,0,1,NO
404,21,Female,Information Technology,1,5,1,0,NO
405,21,Female,Computer Science,0,6,1,1,NO
406,22,Male,Information Technology,1,5,0,0,NO
407,21,Male,Mechanical,1,5,1,1,NO
408,21,Male,Information Technology,2,6,1,0,YES
409,21,Male,Computer Science,2,5,0,1,NO
410,22,Male,Electrical,0,5,0,0,NO
411,21,Male,Information Technology,0,5,0,1,NO
412,22,Male,Electronics And Communication,2,7,0,1,NO
413,21,Male,Electrical,0,7,0,1,NO
414,21,Male,Electronics And Communication,1,6,1,1,NO
415,22,Male,Computer Science,1,6,0,0,NO
416,22,Male,Mechanical,0,6,1,0,NO
417,22,Male,Computer Science,2,6,0,0,YES
418,21,Male,Electrical,0,6,0,0,NO
419,22,Male,Civil,0,6,1,0,NO
420,22,Male,Information Technology,0,7,0,0,NO
421,21,Male,Computer Science,0,6,0,1,NO
422,22,Male,Electrical,2,6,0,1,NO
423,22,Male,Computer Science,1,6,0,0,NO
424,21,Male,Computer Science,1,7,0,0,NO
425,22,Male,Mechanical,0,8,1,0,YES
426,21,Male,Electrical,3,7,0,0,YES
427,22,Male,Mechanical,0,8,1,1,YES
428,21,Male,Electrical,0,6,0,0,NO
429,21,Female,Computer Science,0,8,1,0,YES
430,21,Male,Computer Science,0,7,0,0,NO
431,21,Female,Electrical,1,6,0,0,NO
432,22,Female,Civil,1,8,0,0,YES
433,21,Male,Civil,0,8,0,0,YES
434,21,Male,Information Technology,1,6,0,0,NO
435,21,Male,Computer Science,1,6,0,0,NO
436,21,Male,Mechanical,0,6,1,1,NO
437,21,Male,Civil,0,7,0,0,NO
438,21,Female,Information Technology,1,8,1,0,YES
439,22,Male,Civil,0,8,0,0,YES
440,22,Male,Computer Science,0,7,0,1,NO
441,21,Male,Electrical,0,6,0,0,NO
442,21,Male,Electrical,1,6,0,1,NO
443,22,Male,Electronics And Communication,1,8,0,1,YES
444,21,Male,Computer Science,0,7,0,1,NO
445,21,Male,Computer Science,0,7,0,1,NO
446,21,Male,Civil,1,8,0,1,YES
447,22,Male,Information Technology,0,8,0,0,YES
448,21,Male,Electronics And Communication,0,6,0,0,NO
449,28,Male,Civil,0,8,1,0,YES
450,21,Male,Computer Science,2,7,0,0,YES
451,22,Male,Electronics And Communication,2,6,0,0,YES
452,21,Male,Information Technology,1,8,1,0,YES
453,22,Male,Mechanical,0,6,1,0,YES
454,21,Male,Mechanical,0,8,1,0,YES
455,21,Male,Information Technology,1,6,0,0,NO
456,22,Female,Mechanical,1,7,1,0,NO
457,22,Male,Electronics And Communication,0,8,0,0,YES
458,21,Male,Electrical,0,6,0,0,NO
459,21,Male,Mechanical,0,6,1,0,YES
460,22,Male,Mechanical,0,7,1,0,NO
461,22,Male,Electronics And Communication,1,6,1,1,NO
462,22,Male,Computer Science,0,7,0,1,YES
463,21,Male,Computer Science,0,7,0,0,YES
464,22,Male,Computer Science,0,8,0,1,YES
465,22,Male,Information Technology,1,6,1,0,NO
466,21,Male,Electronics And Communication,0,6,0,0,NO
467,22,Male,Computer Science,0,6,0,0,YES
468,21,Male,Civil,0,6,0,0,YES
469,22,Female,Information Technology,1,8,0,0,YES
470,21,Male,Information Technology,1,8,0,0,YES
471,21,Male,Mechanical,0,8,1,0,YES
472,22,Male,Civil,0,6,0,0,NO
473,22,Male,Electrical,0,7,0,1,NO
474,21,Male,Information Technology,1,6,0,1,YES
475,21,Male,Mechanical,1,6,1,0,NO
476,22,Male,Mechanical,0,6,1,1,YES
477,22,Female,Information Technology,0,7,0,0,YES
478,22,Male,Information Technology,2,7,0,0,NO
479,21,Male,Computer Science,3,8,0,0,YES
480,22,Male,Computer Science,0,6,0,0,YES
481,21,Male,Computer Science,0,8,0,1,YES
482,21,Female,Information Technology,1,8,0,1,YES
483,21,Female,Computer Science,0,8,1,1,YES
484,22,Male,Information Technology,1,6,0,0,YES
485,21,Male,Electronics And Communication,0,8,0,1,YES
486,22,Female,Mechanical,1,7,1,0,NO
487,21,Male,Information Technology,1,8,1,0,YES
488,22,Male,Electrical,0,6,0,0,NO
489,22,Male,Mechanical,0,7,1,0,NO
490,22,Male,Civil,0,6,1,0,NO
491,22,Male,Information Technology,0,6,0,1,YES
492,22,Male,Electronics And Communication,1,7,0,0,NO
493,21,Male,Information Technology,1,8,0,0,YES
494,22,Male,Electrical,1,7,0,0,NO
495,22,Male,Mechanical,0,6,1,0,YES
496,21,Male,Civil,2,6,1,0,YES
497,22,Male,Electronics And Communication,0,6,0,0,YES
498,21,Male,Computer Science,0,7,0,0,YES
499,22,Male,Mechanical,0,7,1,1,NO
500,22,Male,Mechanical,2,7,1,0,YES
501,22,Male,Mechanical,0,7,1,0,YES
502,21,Male,Computer Science,0,7,0,0,NO
503,22,Male,Computer Science,1,7,0,0,YES
504,21,Male,Electrical,0,6,0,0,YES
505,22,Male,Civil,0,6,0,0,NO
506,21,Male,Information Technology,3,8,1,0,YES
507,22,Female,Electronics And Communication,3,8,1,1,YES
508,21,Male,Information Technology,0,7,0,1,YES
509,21,Male,Computer Science,1,8,0,0,YES
510,21,Male,Information Technology,0,7,0,0,NO
511,21,Male,Mechanical,2,6,1,0,YES
512,22,Male,Mechanical,0,8,1,0,YES
513,21,Female,Computer Science,1,8,1,0,YES
514,22,Male,Electrical,0,8,0,1,YES
515,21,Male,Civil,1,8,0,0,YES
516,22,Female,Computer Science,1,7,1,0,NO
517,21,Male,Electrical,0,7,0,0,NO
518,21,Female,Information Technology,0,7,0,0,NO
519,21,Female,Computer Science,1,8,1,0,YES
520,21,Male,Computer Science,1,8,0,0,YES
521,21,Male,Electronics And Communication,1,6,0,0,NO
522,22,Male,Mechanical,0,8,1,0,YES
523,22,Male,Electronics And Communication,1,8,0,0,YES
524,21,Male,Computer Science,1,6,0,0,NO
525,21,Male,Civil,0,7,0,0,NO
526,22,Male,Electronics And Communication,1,7,0,1,NO
527,22,Male,Electrical,1,7,0,0,NO
528,22,Male,Electrical,0,8,0,0,YES
529,21,Male,Information Technology,1,8,0,0,YES
530,22,Male,Mechanical,2,7,1,0,NO
531,21,Male,Civil,0,6,1,1,NO
532,22,Male,Mechanical,1,6,1,0,NO
533,22,Male,Electronics And Communication,1,7,0,0,NO
534,22,Male,Mechanical,1,7,1,0,NO
535,22,Female,Mechanical,1,8,0,0,YES
536,21,Male,Computer Science,0,7,0,1,NO
537,21,Male,Electronics And Communication,0,8,0,0,YES
538,21,Male,Mechanical,1,7,0,0,NO
539,22,Male,Information Technology,0,7,0,0,NO
540,21,Male,Computer Science,2,7,0,0,YES
541,22,Male,Civil,1,8,0,0,YES
542,22,Male,Electronics And Communication,0,8,0,0,YES
543,22,Male,Mechanical,0,7,1,0,NO
544,22,Male,Information Technology,1,7,0,0,NO
545,22,Male,Computer Science,1,6,0,0,NO
546,21,Male,Computer Science,1,6,0,0,NO
547,22,Female,Civil,1,6,0,0,NO
548,21,Female,Civil,1,8,0,0,YES
549,22,Female,Computer Science,1,7,1,0,NO
550,21,Male,Mechanical,1,8,1,0,YES
551,30,Male,Computer Science,1,8,0,0,YES
552,22,Male,Information Technology,0,8,0,1,YES
553,21,Male,Information Technology,1,7,0,1,NO
554,22,Female,Electronics And Communication,0,7,0,0,NO
555,22,Male,Information Technology,1,8,1,0,YES
556,22,Male,Civil,1,7,0,0,NO
557,22,Male,Electrical,1,6,1,1,NO
558,21,Female,Civil,1,7,0,1,NO
559,21,Male,Computer Science,0,6,0,0,NO
560,22,Male,Electrical,1,7,0,0,NO
561,21,Male,Information Technology,0,8,0,1,YES
562,21,Male,Computer Science,1,7,0,0,NO
563,22,Male,Electrical,1,7,0,1,NO
564,22,Male,Electrical,0,8,0,0,YES
565,22,Male,Electrical,1,7,0,0,NO
566,21,Male,Computer Science,1,7,0,0,NO
567,21,Male,Computer Science,2,7,0,0,YES
568,21,Male,Computer Science,0,7,0,0,NO
569,22,Male,Electrical,0,7,0,1,NO
570,22,Male,Computer Science,2,6,0,0,YES
571,22,Male,Electronics And Communication,0,8,0,0,YES
572,21,Male,Electrical,0,7,0,0,NO
573,22,Male,Information Technology,1,6,0,0,NO
574,21,Male,Computer Science,0,7,0,0,NO
575,22,Female,Information Technology,0,8,0,0,YES
576,22,Male,Electronics And Communication,1,7,0,0,NO
577,21,Male,Information Technology,0,6,0,0,NO
578,21,Male,Civil,0,7,1,0,NO
579,22,Male,Electrical,1,8,0,0,YES
580,22,Male,Computer Science,0,6,0,0,NO
581,21,Male,Information Technology,0,7,0,0,NO
582,21,Male,Civil,1,8,0,0,YES
583,21,Male,Computer Science,1,7,0,0,NO
584,22,Male,Civil,0,7,1,0,NO
585,21,Male,Computer Science,2,7,0,1,NO
586,22,Female,Electronics And Communication,0,8,0,0,YES
587,21,Male,Computer Science,1,7,0,0,NO
588,22,Male,Computer Science,1,6,0,0,NO
589,21,Male,Computer Science,0,7,0,1,NO
590,21,Male,Electronics And Communication,1,7,0,0,YES
591,21,Male,Information Technology,1,8,0,1,YES
592,21,Male,Electronics And Communication,0,7,0,0,YES
593,22,Male,Information Technology,2,6,0,0,YES
594,22,Male,Computer Science,1,6,0,0,NO
595,21,Male,Electronics And Communication,0,7,0,0,YES
596,22,Male,Computer Science,1,6,0,0,YES
597,21,Male,Electronics And Communication,0,8,0,0,YES
598,22,Female,Information Technology,0,8,0,0,YES
599,22,Male,Information Technology,1,7,0,0,NO
600,21,Male,Information Technology,2,6,1,0,YES
601,21,Male,Computer Science,2,8,0,0,YES
602,22,Female,Information Technology,2,7,1,0,YES
603,21,Male,Computer Science,2,7,0,0,YES
604,21,Male,Information Technology,2,8,0,0,YES
605,21,Male,Computer Science,2,7,0,0,YES
606,22,Female,Information Technology,1,7,1,0,YES
607,22,Male,Computer Science,2,7,0,0,YES
608,21,Male,Electrical,1,8,0,0,YES
609,21,Male,Information Technology,2,7,0,1,NO
610,22,Male,Computer Science,1,8,0,1,YES
611,21,Male,Computer Science,1,7,0,0,NO
612,21,Male,Civil,2,6,0,0,NO
613,22,Male,Electrical,1,6,0,0,NO
614,21,Male,Information Technology,1,8,0,1,YES
615,21,Male,Electronics And Communication,1,7,0,0,NO
616,21,Male,Electrical,1,7,0,1,YES
617,21,Male,Electrical,2,8,0,0,YES
618,22,Male,Electronics And Communication,1,8,0,0,YES
619,22,Male,Mechanical,1,8,1,0,YES
620,21,Male,Civil,2,8,1,1,YES
621,22,Female,Computer Science,1,6,1,0,YES
622,22,Male,Electrical,2,6,0,0,YES
623,22,Male,Mechanical,2,7,1,0,NO
624,22,Female,Electronics And Communication,1,7,0,0,NO
625,22,Female,Electronics And Communication,2,8,0,0,YES
626,22,Male,Electronics And Communication,1,8,0,0,YES
627,21,Male,Mechanical,1,6,1,0,NO
628,22,Male,Mechanical,2,6,1,0,YES
629,22,Male,Civil,1,6,0,0,NO
630,21,Male,Mechanical,1,8,1,0,YES
631,21,Female,Information Technology,2,6,0,0,YES
632,21,Male,Electronics And Communication,2,8,0,0,YES
633,21,Male,Information Technology,2,8,0,1,YES
634,22,Male,Computer Science,2,7,0,0,NO
635,22,Male,Information Technology,1,8,0,0,YES
636,22,Male,Electrical,2,8,0,0,YES
637,22,Male,Electronics And Communication,2,8,0,0,YES
638,21,Male,Computer Science,2,6,0,0,YES
639,22,Male,Computer Science,1,7,0,0,YES
640,21,Female,Mechanical,1,7,1,0,NO
641,21,Male,Computer Science,2,6,0,0,YES
642,22,Female,Computer Science,1,6,1,0,YES
643,21,Male,Mechanical,1,6,1,1,NO
644,22,Male,Electronics And Communication,1,7,0,1,NO
645,21,Female,Computer Science,1,8,1,0,YES
646,22,Male,Electrical,1,7,0,0,NO
647,21,Male,Information Technology,2,6,1,0,YES
648,21,Female,Information Technology,1,7,0,1,YES
649,22,Female,Information Technology,1,6,0,0,YES
650,21,Male,Mechanical,2,6,1,0,YES
651,22,Male,Mechanical,1,6,1,0,NO
652,21,Male,Electronics And Communication,1,7,0,0,YES
653,22,Male,Information Technology,0,6,0,0,YES
654,22,Male,Civil,1,8,0,0,YES
655,21,Male,Electrical,0,7,0,0,NO
656,22,Male,Electronics And Communication,1,7,0,0,NO
657,22,Female,Information Technology,1,8,0,0,YES
658,22,Female,Electrical,1,6,0,1,NO
659,21,Male,Mechanical,0,7,1,0,NO
660,22,Male,Electronics And Communication,0,7,0,0,NO
661,22,Male,Information Technology,1,7,1,0,NO
662,22,Male,Computer Science,0,7,0,1,NO
663,21,Male,Electronics And Communication,1,8,1,1,YES
664,22,Male,Computer Science,0,6,0,0,NO
665,22,Male,Information Technology,0,7,0,0,NO
666,21,Male,Electronics And Communication,1,6,0,0,NO
667,22,Male,Mechanical,1,7,1,1,NO
668,22,Male,Computer Science,2,7,0,0,NO
669,22,Female,Electrical,1,7,1,1,NO
670,21,Male,Civil,1,6,0,0,NO
671,22,Male,Civil,0,6,0,0,NO
672,22,Male,Electrical,0,7,0,0,NO
673,21,Male,Computer Science,1,7,0,0,NO
674,22,Female,Information Technology,0,6,0,0,NO
675,21,Male,Electrical,0,8,0,0,YES
676,21,Male,Mechanical,0,7,1,0,NO
677,21,Male,Computer Science,1,6,0,0,NO
678,22,Male,Computer Science,0,7,0,0,NO
679,22,Female,Civil,1,8,0,0,YES
680,22,Female,Information Technology,1,7,0,0,NO
681,21,Female,Information Technology,2,8,0,1,YES
682,21,Male,Computer Science,1,8,0,0,YES
683,22,Male,Information Technology,0,8,0,0,YES
684,21,Female,Electronics And Communication,0,6,0,0,NO
685,22,Male,Civil,2,6,1,0,YES
686,21,Male,Electronics And Communication,2,8,0,0,YES
687,21,Male,Mechanical,0,7,1,0,NO
688,21,Male,Electrical,0,7,0,0,NO
689,22,Male,Mechanical,0,8,1,0,YES
690,21,Male,Civil,0,6,0,0,NO
691,22,Male,Information Technology,0,8,0,0,YES
692,21,Male,Computer Science,1,7,0,0,NO
693,22,Male,Computer Science,1,8,0,0,YES
694,21,Male,Information Technology,2,8,0,0,YES
695,22,Male,Information Technology,1,7,0,0,NO
696,22,Female,Civil,1,6,0,0,NO
697,21,Male,Computer Science,0,8,0,0,YES
698,21,Male,Computer Science,0,8,0,1,YES
699,21,Male,Mechanical,2,6,1,0,YES
700,21,Male,Electrical,1,8,0,0,YES
701,25,Male,Computer Science,0,7,0,0,NO
702,26,Male,Electronics And Communication,2,6,0,0,YES
703,24,Female,Electrical,1,8,0,1,YES
704,25,Male,Computer Science,2,6,0,0,YES
705,24,Female,Electronics And Communication,0,6,0,0,YES
706,25,Male,Computer Science,1,8,0,0,YES
707,23,Male,Electronics And Communication,0,9,0,0,YES
708,24,Male,Electrical,1,7,0,0,YES
709,25,Male,Civil,0,9,1,0,YES
710,25,Male,Computer Science,1,8,0,0,YES
711,26,Female,Information Technology,1,6,0,0,YES
712,26,Male,Information Technology,1,6,1,0,YES
713,25,Male,Electrical,0,8,0,0,YES
714,26,Male,Information Technology,0,8,0,0,YES
715,24,Male,Information Technology,0,8,0,0,YES
716,25,Male,Computer Science,1,8,0,0,YES
717,23,Male,Computer Science,1,6,0,0,YES
718,23,Male,Civil,0,7,0,0,NO
719,24,Male,Electronics And Communication,1,9,0,0,YES
720,25,Male,Computer Science,0,8,0,0,YES
721,24,Male,Computer Science,0,7,0,1,YES
722,24,Male,Mechanical,2,8,1,0,YES
723,23,Male,Mechanical,1,8,1,0,YES
724,26,Male,Information Technology,1,8,0,0,YES
725,23,Female,Civil,1,7,0,1,NO
726,26,Male,Computer Science,1,9,0,0,YES
727,26,Male,Electrical,2,8,1,0,YES
728,26,Male,Electrical,0,9,0,1,YES
729,26,Male,Civil,0,6,0,0,YES
730,24,Male,Mechanical,0,9,0,1,YES
731,24,Male,Computer Science,1,7,0,0,YES
732,23,Male,Electrical,0,8,0,0,YES
733,26,Female,Mechanical,1,7,1,0,NO
734,23,Male,Information Technology,1,7,0,0,NO
735,24,Male,Mechanical,0,8,0,0,YES
736,26,Male,Civil,0,9,0,0,YES
737,25,Male,Electrical,0,7,0,0,NO
738,23,Male,Mechanical,0,9,1,1,YES
739,24,Female,Computer Science,1,8,1,0,YES
740,23,Male,Information Technology,1,8,0,0,YES
741,23,Male,Mechanical,0,7,1,0,NO
742,26,Male,Computer Science,3,7,0,0,YES
743,24,Male,Information Technology,1,6,0,0,YES
744,26,Male,Electrical,1,8,0,0,YES
745,23,Male,Computer Science,1,6,0,0,YES
746,23,Male,Civil,1,7,0,0,NO
747,26,Male,Information Technology,1,7,0,0,YES
748,26,Male,Civil,0,7,0,0,NO
749,24,Male,Computer Science,1,7,0,0,YES
750,23,Male,Information Technology,0,8,0,0,YES
751,26,Female,Information Technology,1,6,0,1,YES
752,23,Male,Electronics And Communication,1,6,1,1,NO
753,24,Male,Civil,0,7,0,0,NO
754,24,Male,Computer Science,1,6,0,0,YES
755,25,Male,Information Technology,1,6,0,0,YES
756,25,Male,Computer Science,0,8,0,0,YES
757,26,Male,Civil,0,8,1,0,YES
758,24,Male,Mechanical,0,6,1,0,YES
759,26,Female,Electrical,1,8,0,0,YES
760,25,Male,Information Technology,1,8,0,0,YES
761,22,Male,Computer Science,0,6,0,0,YES
762,21,Male,Information Technology,0,6,0,0,YES
763,22,Male,Electrical,1,6,0,0,NO
764,22,Male,Information Technology,1,6,0,0,YES
765,22,Female,Computer Science,1,6,1,0,YES
766,22,Male,Electronics And Communication,1,8,0,0,YES
767,21,Female,Computer Science,1,6,1,0,YES
768,22,Male,Computer Science,1,6,0,0,NO
769,21,Female,Information Technology,1,6,0,0,YES
770,21,Male,Electrical,0,8,0,0,YES
771,22,Male,Mechanical,0,7,1,0,NO
772,22,Female,Computer Science,2,8,1,0,YES
773,22,Male,Computer Science,1,8,0,0,YES
774,22,Male,Computer Science,1,8,0,0,YES
775,21,Male,Information Technology,0,7,0,0,YES
776,21,Female,Electronics And Communication,0,6,0,0,NO
777,21,Male,Electrical,1,6,0,0,NO
778,22,Male,Computer Science,1,6,0,0,YES
779,22,Male,Electrical,0,8,0,0,YES
780,21,Male,Electrical,1,7,0,1,YES
781,21,Female,Mechanical,1,7,0,0,NO
782,22,Male,Electrical,0,7,1,0,NO
783,21,Female,Information Technology,2,8,0,0,YES
784,22,Male,Mechanical,0,8,1,0,YES
785,21,Male,Computer Science,1,8,0,0,YES
786,22,Male,Civil,0,6,1,1,NO
787,21,Male,Information Technology,0,6,0,0,NO
788,21,Female,Electronics And Communication,1,8,1,1,YES
789,22,Female,Information Technology,1,8,0,0,YES
790,22,Male,Mechanical,1,8,1,0,YES
791,22,Male,Civil,0,8,1,0,YES
792,22,Male,Civil,0,6,0,0,NO
793,22,Male,Computer Science,1,8,0,0,YES
794,22,Male,Electronics And Communication,1,8,0,0,YES
795,22,Male,Computer Science,2,8,0,1,YES
796,22,Female,Electrical,0,8,0,0,YES
797,22,Male,Information Technology,1,7,1,0,YES
798,22,Female,Computer Science,0,8,1,0,YES
799,22,Male,Electrical,0,7,0,0,NO
800,21,Male,Electronics And Communication,0,8,0,1,YES
801,22,Female,Information Technology,0,7,0,0,YES
802,21,Male,Computer Science,1,7,0,0,YES
803,22,Male,Civil,1,6,0,0,NO
804,21,Female,Information Technology,0,6,0,0,YES
805,22,Male,Computer Science,1,8,0,0,YES
806,21,Male,Mechanical,0,8,1,0,YES
807,22,Male,Civil,0,6,0,0,NO
808,22,Male,Computer Science,1,6,0,0,YES
809,22,Male,Computer Science,1,7,0,0,YES
810,21,Male,Civil,0,6,0,0,NO
811,22,Male,Computer Science,1,8,0,0,YES
812,21,Male,Civil,1,8,0,0,YES
813,21,Male,Electronics And Communication,1,6,1,1,NO
814,22,Female,Mechanical,1,8,0,0,YES
815,22,Male,Information Technology,0,8,0,0,YES
816,21,Male,Civil,0,6,0,0,NO
817,22,Male,Electronics And Communication,1,6,0,0,NO
818,21,Male,Mechanical,0,8,1,0,YES
819,21,Female,Electrical,0,7,0,0,NO
820,22,Male,Computer Science,0,6,0,0,YES
821,22,Female,Information Technology,1,7,1,0,YES
822,21,Male,Electronics And Communication,1,8,1,0,YES
823,21,Male,Computer Science,2,8,0,0,YES
824,22,Male,Civil,0,7,0,1,NO
825,21,Male,Electronics And Communication,0,7,0,0,NO
826,21,Male,Civil,0,8,1,0,YES
827,21,Male,Mechanical,0,7,1,0,NO
828,21,Female,Information Technology,0,7,0,0,YES
829,21,Male,Electronics And Communication,2,6,0,0,YES
830,21,Female,Information Technology,0,8,0,0,YES
831,21,Male,Electronics And Communication,0,7,0,0,YES
832,21,Male,Information Technology,1,8,0,0,YES
833,22,Male,Electronics And Communication,3,7,0,0,NO
834,21,Male,Mechanical,0,6,1,0,NO
835,21,Male,Mechanical,0,6,1,0,NO
836,21,Female,Mechanical,1,8,1,0,YES
837,22,Male,Electrical,0,8,1,0,YES
838,21,Male,Information Technology,0,6,0,0,YES
839,22,Female,Information Technology,0,6,0,0,YES
840,22,Male,Computer Science,1,6,0,0,NO
841,21,Male,Information Technology,0,6,0,0,YES
842,22,Male,Computer Science,1,7,0,0,YES
843,22,Male,Mechanical,1,8,1,0,YES
844,22,Male,Electrical,0,7,1,0,NO
845,22,Male,Electronics And Communication,1,6,1,1,NO
846,21,Male,Computer Science,0,7,0,0,YES
847,22,Male,Electrical,1,6,0,0,NO
848,21,Male,Electronics And Communication,0,6,0,0,NO
849,22,Male,Information Technology,0,8,0,1,YES
850,22,Male,Electronics And Communication,2,8,0,0,YES
851,22,Male,Mechanical,1,7,1,0,NO
852,22,Female,Information Technology,0,6,0,0,NO
853,21,Male,Electrical,0,7,0,0,YES
854,22,Male,Electronics And Communication,0,7,0,0,NO
855,22,Male,Computer Science,1,7,0,0,YES
856,21,Male,Computer Science,1,8,0,0,YES
857,21,Male,Computer Science,2,7,0,0,YES
858,22,Male,Information Technology,2,6,0,0,YES
859,21,Male,Information Technology,1,6,0,0,YES
860,22,Male,Civil,0,8,0,1,YES
861,22,Male,Mechanical,1,7,1,0,NO
862,21,Male,Computer Science,1,8,0,0,YES
863,21,Male,Mechanical,0,8,1,0,YES
864,21,Male,Electrical,2,7,1,1,YES
865,21,Female,Computer Science,0,6,1,0,YES
866,22,Male,Mechanical,1,6,0,0,NO
867,22,Male,Civil,0,6,1,0,NO
868,21,Male,Electronics And Communication,2,7,0,0,YES
869,22,Female,Information Technology,0,8,0,0,YES
870,22,Male,Electronics And Communication,0,6,0,0,NO
871,22,Female,Information Technology,1,6,0,0,YES
872,22,Male,Mechanical,1,7,1,0,NO
873,22,Male,Mechanical,1,6,1,0,NO
874,22,Male,Information Technology,0,8,0,0,YES
875,22,Male,Information Technology,0,8,0,0,YES
876,21,Male,Electrical,1,6,1,1,NO
877,22,Male,Computer Science,1,7,0,0,YES
878,21,Male,Computer Science,0,8,0,1,YES
879,21,Male,Information Technology,2,6,0,0,YES
880,21,Male,Electronics And Communication,1,8,1,1,YES
881,22,Male,Information Technology,0,8,0,0,YES
882,22,Female,Information Technology,0,8,0,0,YES
883,22,Male,Computer Science,0,6,0,1,YES
884,22,Male,Information Technology,1,8,0,0,YES
885,21,Male,Computer Science,0,6,0,1,NO
886,21,Male,Electrical,0,6,0,0,NO
887,22,Male,Information Technology,1,8,0,1,YES
888,22,Male,Mechanical,0,6,1,0,NO
889,21,Male,Information Technology,1,8,0,0,YES
890,22,Male,Electrical,1,7,0,0,NO
891,22,Male,Electronics And Communication,0,8,0,0,YES
892,21,Male,Information Technology,0,8,0,0,YES
893,21,Female,Computer Science,1,7,1,0,YES
894,22,Male,Information Technology,0,6,0,0,YES
895,22,Male,Information Technology,0,7,0,0,YES
896,22,Male,Civil,0,6,1,1,NO
897,22,Male,Information Technology,1,7,0,0,NO
898,21,Male,Electrical,1,8,0,0,YES
899,21,Female,Information Technology,2,7,0,0,YES
900,22,Male,Information Technology,3,8,0,0,YES
901,22,Male,Mechanical,0,7,1,1,NO
902,21,Female,Information Technology,1,6,1,0,NO
903,22,Male,Mechanical,1,7,1,1,NO
904,21,Male,Information Technology,1,6,0,0,NO
905,21,Male,Mechanical,0,8,1,0,YES
906,22,Male,Electrical,0,8,0,1,YES
907,21,Male,Information Technology,1,8,0,0,YES
908,21,Male,Computer Science,0,6,0,0,NO
909,22,Male,Information Technology,0,7,0,0,NO
910,21,Male,Mechanical,0,8,1,0,YES
911,21,Male,Information Technology,0,7,0,0,NO
912,21,Male,Electrical,0,6,0,0,NO
913,21,Male,Electronics And Communication,1,7,1,1,NO
914,21,Male,Civil,2,7,0,0,NO
915,22,Female,Civil,1,8,0,0,YES
916,22,Male,Information Technology,0,6,0,0,YES
917,22,Female,Information Technology,1,6,0,0,YES
918,22,Male,Civil,0,7,1,0,NO
919,21,Male,Computer Science,0,8,0,1,YES
920,22,Male,Information Technology,2,6,0,0,YES
921,21,Male,Civil,0,6,0,0,NO
922,21,Male,Civil,0,8,0,0,YES
923,21,Male,Computer Science,0,7,0,0,YES
924,21,Male,Civil,1,7,0,0,NO
925,21,Male,Civil,1,6,0,0,NO
926,21,Male,Information Technology,2,8,0,1,YES
927,21,Female,Mechanical,1,6,1,0,NO
928,22,Male,Information Technology,2,8,0,0,YES
929,21,Female,Civil,1,8,0,1,YES
930,22,Male,Information Technology,0,6,0,0,YES
931,22,Male,Electronics And Communication,0,7,0,0,NO
932,21,Male,Computer Science,1,8,0,0,YES
933,22,Male,Information Technology,2,7,1,0,YES
934,22,Male,Computer Science,1,7,0,0,YES
935,22,Male,Information Technology,1,7,0,1,YES
936,22,Male,Computer Science,1,7,0,0,YES
937,22,Male,Mechanical,1,7,1,1,NO
938,22,Female,Computer Science,1,7,1,0,NO
939,22,Male,Mechanical,0,7,1,0,NO
940,22,Male,Civil,0,8,0,0,YES
941,22,Male,Information Technology,2,7,0,1,YES
942,22,Male,Mechanical,0,7,1,0,NO
943,22,Male,Computer Science,0,6,0,0,YES
944,22,Male,Electronics And Communication,0,8,0,0,YES
945,22,Male,Computer Science,1,8,0,0,YES
946,22,Male,Computer Science,1,6,0,0,YES
947,22,Male,Computer Science,2,7,0,0,YES
948,21,Male,Computer Science,1,8,0,0,YES
949,21,Male,Information Technology,0,7,0,1,YES
950,22,Male,Computer Science,0,7,0,0,YES
951,22,Female,Information Technology,0,8,0,0,YES
952,22,Male,Information Technology,0,7,0,0,YES
953,22,Male,Computer Science,0,8,0,0,YES
954,21,Male,Civil,1,8,0,0,YES
955,21,Male,Mechanical,0,7,1,0,NO
956,21,Male,Information Technology,1,6,0,0,YES
957,21,Male,Information Technology,1,8,0,0,YES
958,21,Male,Mechanical,0,7,1,0,NO
959,22,Male,Computer Science,1,7,0,0,YES
960,21,Male,Computer Science,1,7,0,0,YES
961,22,Male,Mechanical,1,8,1,0,YES
962,22,Male,Information Technology,1,8,1,0,YES
963,21,Male,Information Technology,0,6,0,1,YES
964,21,Male,Information Technology,0,7,0,1,YES
965,22,Male,Information Technology,2,8,0,0,YES
966,22,Male,Electrical,0,8,1,1,YES
967,22,Male,Mechanical,0,7,1,0,NO
968,22,Female,Electronics And Communication,1,6,0,0,NO
969,21,Male,Mechanical,0,8,1,0,YES
970,21,Male,Electrical,0,7,0,0,NO
971,22,Male,Electronics And Communication,1,6,0,0,NO
972,21,Male,Civil,0,8,0,0,YES
973,21,Male,Civil,0,8,1,0,YES
974,22,Male,Computer Science,1,7,0,0,YES
975,21,Male,Mechanical,1,6,1,0,NO
976,21,Male,Information Technology,0,6,0,1,YES
977,22,Female,Computer Science,0,8,1,0,YES
978,21,Female,Computer Science,0,7,1,0,NO
979,22,Male,Civil,0,8,0,0,YES
980,22,Male,Computer Science,1,8,0,1,YES
981,22,Male,Civil,0,6,0,1,NO
982,22,Male,Mechanical,0,7,1,0,NO
983,21,Male,Electronics And Communication,1,7,0,1,YES
984,22,Male,Information Technology,0,8,0,0,YES
985,22,Male,Computer Science,0,6,0,0,YES
986,22,Male,Information Technology,1,8,0,0,YES
987,21,Male,Electronics And Communication,1,7,0,0,NO
988,22,Female,Computer Science,1,8,1,0,YES
989,22,Female,Computer Science,2,7,1,0,YES
990,22,Male,Electrical,0,6,0,0,NO
991,22,Male,Mechanical,0,6,1,0,NO
992,22,Male,Computer Science,2,7,0,0,YES
993,22,Male,Mechanical,0,7,1,0,NO
994,22,Male,Computer Science,1,7,0,0,YES
995,21,Male,Information Technology,1,6,1,1,YES
996,21,Male,Information Technology,1,6,0,1,YES
997,22,Female,Information Technology,1,7,0,0,YES
998,21,Male,Information Technology,2,8,0,1,YES
999,21,Male,Civil,0,6,0,0,NO
1000,21,Male,Information Technology,0,6,0,0,YES
1001,22,Male,Information Technology,2,8,0,0,YES
1002,22,Male,Information Technology,1,8,0,0,YES
1003,21,Female,Computer Science,1,8,1,1,YES
1004,22,Male,Computer Science,1,7,0,0,YES
1005,22,Male,Electrical,2,6,0,0,YES
1006,21,Male,Civil,1,7,0,0,NO
1007,21,Male,Information Technology,2,7,0,1,YES
1008,22,Male,Information Technology,2,7,0,1,YES
1009,21,Male,Electronics And Communication,1,6,1,1,NO
1010,21,Male,Mechanical,1,8,1,1,YES
1011,22,Male,Information Technology,1,8,1,0,YES
1012,22,Male,Information Technology,2,6,0,1,YES
1013,21,Male,Computer Science,1,6,0,1,NO
1014,22,Male,Information Technology,2,7,0,0,YES
1015,22,Male,Information Technology,1,8,0,0,YES
1016,21,Male,Information Technology,2,7,0,1,YES
1017,21,Male,Electrical,2,8,0,0,YES
1018,22,Male,Civil,2,8,1,1,YES
1019,22,Male,Information Technology,2,6,0,0,YES
1020,22,Male,Information Technology,2,6,0,0,YES
1021,21,Female,Civil,2,7,0,0,NO
1022,22,Male,Electrical,1,7,0,1,NO
1023,22,Male,Civil,2,7,0,0,NO
1024,21,Male,Information Technology,2,8,0,0,YES
1025,21,Male,Civil,1,6,0,0,NO
1026,22,Female,Computer Science,2,6,1,0,YES
1027,21,Female,Electronics And Communication,1,7,0,0,YES
1028,22,Female,Information Technology,1,7,0,1,YES
1029,21,Male,Mechanical,2,6,1,0,YES
1030,22,Male,Mechanical,2,6,1,0,YES
1031,21,Male,Information Technology,2,7,0,0,YES
1032,22,Male,Computer Science,2,7,0,0,YES
1033,21,Male,Electrical,1,6,0,0,NO
1034,21,Female,Computer Science,1,6,0,0,YES
1035,22,Male,Civil,2,6,1,0,YES
1036,22,Male,Computer Science,1,7,0,0,YES
1037,21,Male,Information Technology,1,8,0,0,YES
1038,21,Male,Computer Science,2,7,0,0,YES
1039,22,Female,Mechanical,1,6,1,0,NO
1040,22,Female,Information Technology,1,8,0,0,YES
1041,22,Male,Mechanical,1,6,1,0,NO
1042,21,Male,Computer Science,1,8,0,1,YES
1043,21,Male,Computer Science,2,8,0,1,YES
1044,22,Male,Information Technology,2,8,0,0,YES
1045,22,Male,Mechanical,1,7,1,0,NO
1046,22,Male,Computer Science,2,7,0,0,NO
1047,21,Male,Computer Science,2,8,0,0,YES
1048,22,Male,Mechanical,1,7,1,0,NO
1049,21,Male,Computer Science,2,7,0,0,YES
1050,22,Male,Civil,1,6,0,0,NO
1051,22,Male,Civil,2,8,0,1,YES
1052,21,Male,Electrical,2,7,0,0,YES
1053,21,Female,Computer Science,1,6,1,1,NO
1054,22,Male,Computer Science,1,6,0,1,NO
1055,22,Male,Electrical,2,7,0,0,NO
1056,22,Female,Electronics And Communication,1,7,1,1,NO
1057,22,Male,Civil,1,7,0,0,NO
1058,21,Male,Electronics And Communication,2,6,0,0,YES
1059,21,Female,Electrical,2,8,0,0,YES
1060,22,Male,Computer Science,2,8,0,0,YES
1061,22,Female,Electronics And Communication,2,6,0,0,YES
1062,22,Male,Computer Science,1,7,0,0,NO
1063,21,Female,Electronics And Communication,1,8,1,1,YES
1064,22,Male,Electronics And Communication,1,7,0,0,NO
1065,21,Male,Mechanical,2,8,1,1,YES
1066,21,Male,Electronics And Communication,1,8,0,0,YES
1067,22,Female,Electrical,2,7,0,0,NO
1068,21,Male,Civil,2,7,0,0,NO
1069,22,Male,Information Technology,1,7,0,0,NO
1070,22,Female,Electrical,2,6,0,0,YES
1071,22,Male,Electronics And Communication,2,6,0,0,YES
1072,22,Male,Computer Science,1,6,0,0,NO
1073,21,Male,Computer Science,1,8,0,0,YES
1074,22,Male,Electronics And Communication,2,6,0,0,YES
1075,21,Male,Information Technology,1,7,0,0,NO
1076,21,Male,Information Technology,2,7,0,1,NO
1077,21,Female,Computer Science,2,7,1,1,NO
1078,21,Male,Computer Science,2,8,0,0,YES
1079,22,Male,Information Technology,1,7,0,0,NO
1080,21,Male,Civil,2,7,0,0,NO
1081,21,Female,Computer Science,2,8,1,0,YES
1082,22,Male,Mechanical,1,6,1,0,NO
1083,22,Male,Mechanical,1,7,1,0,NO
1084,22,Male,Information Technology,1,6,0,0,NO
1085,21,Male,Electrical,1,6,0,0,NO
1086,21,Male,Mechanical,1,6,1,0,NO
1087,22,Male,Electrical,1,6,0,0,NO
1088,22,Male,Mechanical,2,8,1,0,YES
1089,22,Male,Information Technology,1,7,0,0,NO
1090,22,Male,Civil,1,6,0,0,NO
1091,21,Male,Information Technology,1,7,0,1,NO
1092,21,Female,Computer Science,2,8,1,0,YES
1093,22,Male,Electronics And Communication,2,7,0,0,NO
1094,22,Male,Electronics And Communication,2,7,0,1,NO
1095,22,Male,Mechanical,1,8,1,0,YES
1096,22,Male,Computer Science,1,6,0,0,NO
1097,22,Male,Electronics And Communication,1,7,0,1,NO
1098,22,Male,Electronics And Communication,1,8,0,1,YES
1099,21,Female,Electrical,1,8,0,1,YES
1100,22,Female,Computer Science,1,7,1,0,NO
1101,22,Female,Information Technology,1,9,1,0,YES
1102,21,Male,Mechanical,2,8,1,0,YES
1103,21,Male,Electronics And Communication,2,7,1,1,YES
1104,22,Male,Civil,2,7,1,0,NO
1105,21,Male,Information Technology,2,9,0,0,YES
1106,21,Male,Civil,2,7,0,1,NO
1107,22,Male,Information Technology,1,9,0,0,YES
1108,22,Male,Computer Science,1,7,0,1,NO
1109,21,Female,Computer Science,2,7,1,0,YES
1110,21,Male,Information Technology,1,9,0,0,YES
1111,21,Male,Computer Science,1,8,0,0,YES
1112,22,Male,Mechanical,1,9,1,0,YES
1113,21,Male,Computer Science,2,9,0,0,YES
1114,21,Female,Electronics And Communication,2,9,0,0,YES
1115,21,Male,Electronics And Communication,1,8,0,0,YES
1116,22,Male,Computer Science,1,9,0,0,YES
1117,21,Male,Electrical,1,8,0,1,YES
1118,21,Male,Electronics And Communication,2,8,0,0,YES
1119,22,Male,Information Technology,2,8,0,0,YES
1120,21,Male,Mechanical,2,9,1,0,YES
1121,21,Male,Electrical,2,7,1,1,YES
1122,21,Male,Mechanical,1,9,1,1,YES
1123,22,Female,Electrical,2,8,0,0,YES
1124,21,Male,Civil,2,9,0,0,YES
1125,22,Male,Mechanical,1,9,1,0,YES
1126,21,Female,Information Technology,2,9,0,0,YES
1127,22,Female,Electronics And Communication,1,8,1,1,YES
1128,22,Male,Electronics And Communication,1,8,0,0,YES
1129,22,Male,Electronics And Communication,2,9,0,0,YES
1130,21,Male,Information Technology,1,8,0,0,YES
1131,22,Female,Civil,1,8,0,0,YES
1132,21,Female,Civil,1,7,1,0,NO
1133,21,Female,Electrical,1,9,0,0,YES
1134,22,Male,Computer Science,1,9,0,0,YES
1135,22,Female,Information Technology,2,8,0,0,YES
1136,22,Male,Civil,2,9,0,1,YES
1137,21,Male,Mechanical,1,7,1,0,NO
1138,22,Male,Information Technology,2,7,0,0,NO
1139,22,Male,Civil,2,8,0,0,YES
1140,22,Male,Computer Science,2,7,0,1,NO
1141,21,Male,Information Technology,1,9,1,0,YES
1142,22,Male,Computer Science,1,8,0,0,YES
1143,22,Male,Civil,1,7,0,0,NO
1144,21,Female,Computer Science,2,8,1,0,YES
1145,21,Male,Civil,2,7,1,0,YES
1146,22,Male,Electronics And Communication,2,8,0,0,YES
1147,22,Male,Mechanical,1,7,1,0,NO
1148,21,Male,Electrical,1,7,1,0,YES
1149,22,Male,Electrical,2,8,0,0,YES
1150,22,Male,Electrical,1,8,0,1,YES
1151,21,Female,Computer Science,1,8,1,0,YES
1152,21,Male,Mechanical,1,7,1,0,NO
1153,21,Male,Information Technology,1,9,1,0,YES
1154,22,Male,Electrical,0,9,0,0,YES
1155,21,Female,Information Technology,0,9,0,0,YES
1156,21,Male,Electronics And Communication,0,8,0,0,YES
1157,21,Female,Computer Science,1,9,1,0,YES
1158,22,Male,Information Technology,1,7,0,0,NO
1159,21,Male,Mechanical,1,8,1,1,YES
1160,21,Male,Mechanical,0,9,1,1,YES
1161,22,Male,Information Technology,0,7,0,0,NO
1162,21,Male,Information Technology,0,8,0,0,YES
1163,22,Male,Civil,0,8,0,0,YES
1164,21,Male,Mechanical,0,8,1,0,YES
1165,22,Female,Computer Science,0,9,1,1,YES
1166,22,Female,Information Technology,1,8,1,0,YES
1167,21,Male,Mechanical,0,7,1,0,NO
1168,21,Male,Electrical,0,7,0,0,NO
1169,22,Male,Mechanical,0,9,1,0,YES
1170,22,Male,Information Technology,1,7,0,0,NO
1171,22,Male,Mechanical,2,9,1,0,YES
1172,21,Male,Electrical,0,8,1,0,YES
1173,21,Male,Information Technology,1,8,0,0,YES
1174,22,Male,Information Technology,1,9,0,0,YES
1175,22,Female,Computer Science,0,9,1,0,YES
1176,21,Male,Civil,1,9,0,0,YES
1177,22,Female,Information Technology,2,8,0,0,YES
1178,21,Male,Information Technology,1,9,0,0,YES
1179,22,Male,Civil,0,9,0,1,YES
1180,21,Male,Electrical,0,8,0,0,YES
1181,22,Male,Computer Science,1,9,0,0,YES
1182,22,Male,Electrical,0,8,0,0,YES
1183,21,Male,Electronics And Communication,1,8,0,0,YES
1184,21,Male,Electrical,0,8,0,0,YES
1185,21,Male,Civil,0,9,0,1,YES
1186,21,Male,Computer Science,1,9,0,0,YES
1187,21,Male,Civil,0,9,0,0,YES
1188,21,Female,Information Technology,1,8,0,0,YES
1189,21,Male,Civil,1,7,0,0,NO
1190,21,Male,Computer Science,1,9,0,0,YES
1191,22,Male,Electronics And Communication,0,9,0,0,YES
1192,22,Male,Electronics And Communication,1,7,1,1,NO
1193,21,Female,Electrical,1,8,0,0,YES
1194,21,Male,Information Technology,1,8,1,0,YES
1195,22,Male,Information Technology,1,8,0,0,YES
1196,22,Female,Electrical,1,7,0,1,NO
1197,21,Male,Computer Science,1,7,0,0,NO
1198,22,Male,Computer Science,1,9,0,0,YES
1199,21,Male,Computer Science,2,9,0,0,YES
1200,22,Female,Computer Science,0,9,1,1,YES
1201,21,Male,Information Technology,0,7,0,0,YES
1202,22,Male,Mechanical,0,8,1,0,YES
1203,22,Male,Computer Science,2,8,0,0,YES
1204,21,Male,Electronics And Communication,0,8,0,0,YES
1205,21,Male,Mechanical,1,9,1,0,YES
1206,22,Female,Information Technology,1,9,0,0,YES
1207,21,Male,Mechanical,0,9,1,0,YES
1208,21,Male,Civil,0,9,0,0,YES
1209,21,Male,Civil,0,7,0,0,NO
1210,21,Male,Information Technology,0,9,0,0,YES
1211,21,Male,Information Technology,0,9,0,0,YES
1212,21,Male,Mechanical,1,7,1,0,NO
1213,21,Male,Electronics And Communication,1,8,1,1,YES
1214,21,Male,Mechanical,1,9,1,0,YES
1215,22,Male,Computer Science,1,8,1,0,YES
1216,22,Male,Computer Science,1,8,0,1,YES
1217,22,Male,Information Technology,1,9,0,0,YES
1218,22,Male,Electronics And Communication,0,7,0,0,NO
1219,21,Female,Electronics And Communication,1,7,0,0,YES
1220,21,Male,Electronics And Communication,1,8,1,1,YES
1221,22,Male,Mechanical,0,9,1,0,YES
1222,22,Male,Computer Science,1,9,0,0,YES
1223,22,Male,Mechanical,0,7,1,0,NO
1224,21,Male,Information Technology,0,7,0,0,YES
1225,22,Male,Mechanical,1,9,1,0,YES
1226,22,Male,Electrical,0,9,0,0,YES
1227,21,Male,Computer Science,2,9,0,1,YES
1228,22,Male,Computer Science,3,9,0,0,YES
1229,22,Male,Mechanical,0,9,1,1,YES
1230,21,Male,Information Technology,2,9,0,0,YES
1231,21,Male,Mechanical,1,7,1,0,NO
1232,21,Male,Electrical,1,7,0,0,YES
1233,22,Male,Information Technology,0,9,0,0,YES
1234,22,Female,Mechanical,1,7,1,0,NO
1235,22,Male,Civil,0,7,0,0,NO
1236,21,Female,Electronics And Communication,1,8,0,0,YES
1237,22,Female,Information Technology,0,9,0,0,YES
1238,22,Male,Mechanical,0,9,1,0,YES
1239,22,Male,Mechanical,0,8,1,0,YES
1240,21,Male,Computer Science,0,9,0,0,YES
1241,21,Male,Information Technology,1,7,1,0,NO
1242,21,Male,Electrical,2,8,0,1,YES
1243,21,Male,Computer Science,1,9,0,0,YES
1244,22,Male,Electrical,1,9,0,0,YES
1245,22,Male,Information Technology,0,7,0,0,YES
1246,22,Female,Information Technology,1,9,1,0,YES
1247,21,Male,Mechanical,1,8,1,0,YES
1248,22,Female,Computer Science,0,8,1,0,YES
1249,21,Male,Civil,0,7,0,0,NO
1250,21,Male,Computer Science,0,7,0,1,NO
1251,22,Male,Information Technology,0,7,0,1,NO
1252,21,Male,Computer Science,0,9,0,0,YES
1253,21,Male,Mechanical,0,9,1,1,YES
1254,22,Male,Mechanical,2,9,0,0,YES
1255,21,Male,Civil,2,8,0,0,YES
1256,21,Male,Electrical,0,8,0,0,YES
1257,21,Female,Electrical,1,8,1,1,YES
1258,22,Male,Electronics And Communication,1,7,0,0,NO
1259,22,Female,Electronics And Communication,1,8,1,1,YES
1260,21,Male,Computer Science,1,8,0,0,YES
1261,22,Male,Computer Science,0,7,0,1,NO
1262,22,Male,Computer Science,0,9,0,0,YES
1263,21,Male,Electrical,0,8,0,0,YES
1264,21,Female,Electrical,1,8,0,0,YES
1265,21,Male,Electronics And Communication,1,7,0,0,NO
1266,22,Female,Mechanical,1,7,1,0,NO
1267,22,Female,Computer Science,1,7,1,0,NO
1268,21,Female,Mechanical,1,8,1,0,YES
1269,21,Male,Electronics And Communication,0,8,0,0,YES
1270,21,Female,Electronics And Communication,1,9,0,0,YES
1271,21,Male,Electronics And Communication,0,9,0,0,YES
1272,22,Male,Computer Science,1,8,0,0,YES
1273,22,Male,Information Technology,0,7,0,0,NO
1274,21,Male,Mechanical,0,9,1,0,YES
1275,22,Male,Mechanical,0,8,1,0,YES
1276,21,Male,Information Technology,0,8,0,0,YES
1277,22,Male,Mechanical,0,7,1,0,NO
1278,22,Male,Information Technology,1,8,0,0,YES
1279,22,Male,Information Technology,0,8,0,0,YES
1280,21,Female,Information Technology,0,8,0,0,YES
1281,21,Male,Mechanical,0,7,0,0,NO
1282,21,Male,Electronics And Communication,0,8,0,0,YES
1283,22,Male,Computer Science,0,9,0,0,YES
1284,22,Male,Civil,1,7,0,0,NO
1285,22,Male,Mechanical,2,7,1,0,NO
1286,21,Male,Computer Science,1,9,0,0,YES
1287,21,Male,Information Technology,0,9,0,0,YES
1288,22,Male,Civil,0,7,0,1,NO
1289,21,Male,Information Technology,1,8,0,0,YES
1290,21,Male,Electronics And Communication,0,8,0,0,YES
1291,21,Male,Electrical,0,9,0,0,YES
1292,21,Male,Electronics And Communication,0,8,0,0,YES
1293,22,Male,Information Technology,1,9,1,0,YES
1294,22,Male,Mechanical,0,9,1,0,YES
1295,22,Male,Computer Science,0,7,0,0,NO
1296,21,Male,Information Technology,1,8,1,1,YES
1297,21,Male,Information Technology,0,7,0,0,NO
1298,21,Male,Electrical,0,7,0,0,NO
1299,22,Male,Computer Science,1,8,0,0,YES
1300,21,Male,Electronics And Communication,0,9,0,0,YES
1301,25,Male,Information Technology,0,7,0,0,YES
1302,26,Male,Electrical,0,7,1,0,NO
1303,24,Male,Information Technology,1,6,0,1,YES
1304,25,Male,Electronics And Communication,0,6,0,0,YES
1305,26,Female,Computer Science,0,7,1,0,NO
1306,26,Male,Computer Science,1,7,0,0,YES
1307,26,Male,Computer Science,1,6,0,0,YES
1308,26,Male,Information Technology,2,7,0,0,YES
1309,24,Female,Computer Science,1,7,0,0,NO
1310,26,Female,Civil,1,6,0,1,YES
1311,26,Male,Computer Science,0,6,0,1,YES
1312,26,Male,Computer Science,1,7,0,0,NO
1313,26,Male,Information Technology,1,7,0,0,NO
1314,26,Male,Mechanical,0,7,0,1,NO
1315,26,Male,Electrical,0,6,0,0,YES
1316,25,Male,Information Technology,1,7,0,0,NO
1317,26,Male,Mechanical,0,6,1,0,YES
1318,24,Male,Electronics And Communication,1,7,0,1,NO
1319,26,Male,Electronics And Communication,0,6,0,0,YES
1320,26,Male,Computer Science,0,6,0,0,YES
1321,24,Female,Computer Science,0,6,1,1,YES
1322,24,Male,Computer Science,0,6,0,1,YES
1323,24,Male,Electrical,1,7,0,0,YES
1324,25,Male,Mechanical,0,7,1,0,NO
1325,25,Male,Computer Science,0,6,0,0,YES
1326,25,Male,Computer Science,0,7,0,0,NO
1327,26,Male,Mechanical,1,6,0,0,YES
1328,26,Male,Computer Science,1,7,0,0,NO
1329,26,Male,Computer Science,0,6,0,1,YES
1330,26,Male,Electronics And Communication,1,7,1,1,NO
1331,25,Female,Computer Science,0,7,1,0,NO
1332,25,Male,Computer Science,2,6,0,0,YES
1333,25,Male,Mechanical,0,7,1,0,NO
1334,26,Male,Civil,0,7,0,0,NO
1335,25,Female,Computer Science,1,7,1,0,YES
1336,26,Male,Information Technology,1,6,0,0,YES
1337,26,Female,Computer Science,0,7,1,0,YES
1338,26,Female,Information Technology,0,7,0,0,YES
1339,26,Male,Computer Science,1,6,0,0,YES
1340,26,Female,Information Technology,0,7,0,0,NO
1341,24,Male,Information Technology,1,7,0,0,NO
1342,24,Male,Civil,0,6,0,0,YES
1343,25,Male,Electronics And Communication,1,6,0,0,YES
1344,26,Male,Mechanical,0,7,1,0,NO
1345,26,Male,Mechanical,1,6,1,1,YES
1346,25,Male,Computer Science,1,7,0,0,YES
1347,26,Male,Computer Science,1,7,0,0,YES
1348,25,Male,Computer Science,2,7,0,1,YES
1349,25,Male,Computer Science,2,7,0,1,YES
1350,24,Male,Computer Science,0,6,0,0,YES
1351,26,Male,Electrical,0,6,0,0,YES
1352,24,Male,Information Technology,0,7,0,0,YES
1353,26,Male,Computer Science,1,7,0,0,YES
1354,26,Male,Mechanical,1,7,1,1,NO
1355,24,Male,Computer Science,1,7,0,0,YES
1356,26,Female,Information Technology,0,6,0,0,YES
1357,25,Female,Computer Science,0,6,1,1,YES
1358,25,Male,Mechanical,1,6,1,0,YES
1359,26,Male,Computer Science,1,6,0,0,YES
1360,25,Female,Electronics And Communication,0,6,0,0,YES
1361,22,Male,Civil,1,6,0,0,NO
1362,21,Female,Electrical,0,6,0,0,NO
1363,22,Male,Computer Science,1,7,0,0,NO
1364,21,Male,Mechanical,0,6,1,0,NO
1365,21,Female,Information Technology,0,7,0,0,NO
1366,22,Male,Computer Science,1,7,0,0,NO
1367,21,Female,Information Technology,1,7,0,1,NO
1368,22,Male,Electrical,0,6,0,0,NO
1369,21,Male,Information Technology,0,7,0,0,NO
1370,22,Male,Information Technology,0,7,0,0,NO
1371,21,Male,Information Technology,0,7,0,1,NO
1372,21,Female,Information Technology,1,7,0,0,NO
1373,22,Male,Electronics And Communication,1,7,0,0,NO
1374,22,Male,Electronics And Communication,1,6,0,1,NO
1375,21,Male,Electrical,1,7,0,0,YES
1376,22,Male,Information Technology,1,6,1,0,NO
1377,21,Male,Computer Science,1,6,0,0,NO
1378,21,Male,Information Technology,1,6,1,0,NO
1379,21,Male,Information Technology,0,7,0,1,NO
1380,22,Male,Information Technology,0,6,0,0,NO
1381,21,Male,Electronics And Communication,0,7,0,0,YES
1382,22,Female,Electrical,1,6,1,1,NO
1383,21,Male,Computer Science,1,7,0,0,NO
1384,21,Female,Information Technology,0,7,0,0,NO
1385,21,Male,Electronics And Communication,1,6,0,1,NO
1386,22,Female,Information Technology,3,7,1,1,NO
1387,21,Female,Computer Science,1,6,1,0,NO
1388,21,Male,Mechanical,0,7,1,0,NO
1389,21,Male,Computer Science,1,8,0,0,YES
1390,22,Female,Information Technology,0,8,0,0,YES
1391,22,Female,Information Technology,1,8,0,0,YES
1392,21,Male,Electronics And Communication,1,7,0,1,NO
1393,21,Male,Information Technology,1,6,0,0,NO
1394,21,Female,Information Technology,1,8,0,0,YES
1395,22,Male,Mechanical,0,8,1,0,YES
1396,22,Male,Mechanical,0,7,1,1,NO
1397,22,Male,Information Technology,2,8,0,0,YES
1398,22,Female,Computer Science,0,6,1,1,NO
1399,21,Male,Information Technology,2,6,0,0,YES
1400,22,Male,Electrical,0,8,0,1,YES
1401,22,Male,Civil,1,7,0,0,NO
1402,22,Female,Civil,1,6,0,1,NO
1403,22,Male,Information Technology,3,8,0,0,YES
1404,21,Male,Electronics And Communication,1,7,0,0,NO
1405,22,Male,Mechanical,0,6,1,0,NO
1406,22,Male,Civil,0,8,1,1,YES
1407,22,Male,Civil,0,7,0,1,NO
1408,21,Female,Computer Science,0,8,1,1,YES
1409,22,Male,Information Technology,1,6,0,0,NO
1410,22,Male,Mechanical,0,6,1,0,NO
1411,21,Male,Computer Science,2,6,0,0,YES
1412,22,Male,Information Technology,0,8,0,1,YES
1413,22,Male,Civil,0,6,0,0,NO
1414,22,Female,Mechanical,1,8,1,0,YES
1415,21,Male,Civil,2,7,1,1,NO
1416,21,Male,Mechanical,0,7,1,0,NO
1417,21,Male,Information Technology,0,6,0,1,NO
1418,21,Male,Mechanical,0,6,1,1,NO
1419,22,Male,Information Technology,0,7,0,1,NO
1420,22,Male,Electronics And Communication,1,8,0,0,YES
1421,21,Male,Information Technology,2,8,0,0,YES
1422,22,Male,Electronics And Communication,1,7,0,0,NO
1423,22,Male,Computer Science,1,8,0,0,YES
1424,22,Male,Computer Science,1,7,0,0,NO
1425,21,Male,Electronics And Communication,0,8,0,1,YES
1426,22,Male,Mechanical,0,8,1,0,YES
1427,21,Male,Computer Science,0,7,0,1,NO
1428,22,Male,Electronics And Communication,0,7,0,0,NO
1429,22,Female,Electronics And Communication,3,6,0,0,YES
1430,21,Male,Electrical,0,8,0,0,YES
1431,21,Female,Electronics And Communication,2,7,0,0,YES
1432,21,Male,Electrical,0,7,0,0,NO
1433,21,Male,Electrical,0,6,0,0,NO
1434,22,Male,Computer Science,2,7,0,0,NO
1435,22,Male,Information Technology,1,8,1,0,YES
1436,21,Male,Electronics And Communication,0,7,0,0,NO
1437,22,Male,Computer Science,0,6,0,0,NO
1438,21,Male,Civil,2,8,0,0,YES
1439,21,Male,Information Technology,1,6,0,0,NO
1440,21,Female,Information Technology,0,6,0,0,NO
1441,21,Male,Information Technology,0,7,0,1,NO
1442,22,Male,Information Technology,1,6,0,0,NO
1443,22,Female,Computer Science,1,6,1,0,NO
1444,21,Male,Electrical,1,7,0,0,YES
1445,28,Female,Computer Science,3,8,1,0,YES
1446,21,Male,Computer Science,0,7,0,1,NO
1447,22,Male,Information Technology,0,7,0,1,NO
1448,21,Female,Computer Science,0,6,1,0,NO
1449,22,Female,Electronics And Communication,0,8,0,0,YES
1450,22,Male,Computer Science,1,6,0,0,NO
1451,21,Male,Electrical,0,8,0,0,YES
1452,21,Male,Information Technology,2,8,0,0,YES
1453,22,Male,Computer Science,0,8,0,1,YES
1454,22,Female,Electrical,1,8,0,0,YES
1455,22,Female,Computer Science,0,6,1,0,NO
1456,21,Male,Computer Science,1,6,0,0,NO
1457,22,Male,Electronics And Communication,0,6,0,0,NO
1458,21,Male,Electronics And Communication,1,6,0,0,NO
1459,21,Male,Computer Science,0,7,0,0,NO
1460,22,Male,Mechanical,0,6,1,0,NO
1461,22,Male,Computer Science,1,8,0,0,YES
1462,21,Male,Civil,0,8,1,0,YES
1463,22,Male,Computer Science,1,8,0,0,YES
1464,22,Male,Information Technology,0,7,0,0,NO
1465,22,Male,Mechanical,1,7,1,1,NO
1466,21,Male,Information Technology,1,6,0,0,NO
1467,22,Male,Information Technology,2,8,0,0,YES
1468,21,Male,Information Technology,1,8,0,0,YES
1469,21,Male,Electrical,0,6,0,0,NO
1470,22,Male,Information Technology,1,7,0,0,NO
1471,21,Male,Information Technology,0,7,0,0,NO
1472,21,Male,Electrical,0,8,0,0,YES
1473,21,Male,Mechanical,0,7,1,0,NO
1474,21,Male,Electronics And Communication,0,6,0,0,NO
1475,22,Female,Information Technology,0,7,0,0,NO
1476,22,Male,Mechanical,1,8,1,0,YES
1477,22,Male,Computer Science,3,6,0,0,YES
1478,21,Male,Electronics And Communication,1,6,0,0,NO
1479,22,Male,Electronics And Communication,0,7,0,0,NO
1480,21,Male,Computer Science,2,7,0,0,YES
1481,22,Male,Electrical,0,6,0,0,NO
1482,21,Male,Computer Science,0,6,0,0,NO
1483,22,Male,Electronics And Communication,1,6,0,0,NO
1484,22,Male,Information Technology,1,8,0,0,YES
1485,22,Female,Civil,1,8,0,1,YES
1486,22,Male,Computer Science,3,6,0,1,NO
1487,21,Male,Information Technology,0,6,0,0,NO
1488,22,Male,Civil,0,8,0,0,YES
1489,22,Male,Electronics And Communication,1,6,0,0,NO
1490,22,Female,Civil,1,6,0,0,NO
1491,21,Male,Information Technology,0,8,0,0,YES
1492,21,Male,Computer Science,1,7,0,0,NO
1493,22,Male,Information Technology,1,8,1,0,YES
1494,21,Male,Computer Science,0,7,0,0,NO
1495,21,Male,Electrical,0,8,0,0,YES
1496,21,Male,Information Technology,0,7,0,0,NO
1497,21,Male,Electrical,2,8,0,1,YES
1498,22,Female,Computer Science,1,6,1,0,NO
1499,21,Female,Computer Science,1,7,1,0,NO
1500,22,Male,Information Technology,1,8,0,0,YES
1501,24,Male,Computer Science,1,8,0,0,YES
1502,24,Male,Computer Science,1,6,1,1,YES
1503,22,Male,Information Technology,1,6,0,0,YES
1504,24,Male,Computer Science,1,7,0,0,YES
1505,24,Male,Computer Science,1,7,0,0,YES
1506,24,Male,Computer Science,1,7,0,0,YES
1507,24,Female,Information Technology,1,6,0,0,YES
1508,24,Male,Computer Science,0,8,0,0,YES
1509,20,Female,Electrical,1,7,0,1,NO
1510,21,Male,Computer Science,1,7,0,0,YES
1511,23,Male,Electronics And Communication,0,7,0,0,NO
1512,22,Female,Computer Science,1,8,1,0,YES
1513,23,Male,Computer Science,1,7,0,0,YES
1514,23,Male,Electrical,2,7,0,0,NO
1515,22,Female,Computer Science,2,7,1,1,YES
1516,24,Male,Computer Science,1,6,0,0,YES
1517,22,Male,Information Technology,2,7,0,0,NO
1518,24,Male,Computer Science,0,6,0,0,YES
1519,22,Male,Information Technology,0,6,0,0,NO
1520,23,Male,Mechanical,0,7,0,0,NO
1521,22,Male,Electrical,1,7,0,0,NO
1522,23,Male,Electronics And Communication,1,6,0,1,YES
1523,23,Male,Electrical,0,8,0,1,YES
1524,20,Male,Electrical,1,8,0,0,YES
1525,24,Male,Mechanical,0,7,1,0,NO
1526,24,Male,Computer Science,2,6,0,0,YES
1527,20,Male,Computer Science,1,6,0,0,NO
1528,24,Male,Mechanical,0,6,1,0,YES
1529,22,Female,Electrical,1,7,0,0,NO
1530,20,Male,Civil,1,6,0,0,NO
1531,23,Male,Electronics And Communication,1,6,0,1,YES
1532,23,Male,Mechanical,0,6,1,0,NO
1533,22,Male,Computer Science,1,6,0,0,NO
1534,22,Male,Mechanical,1,7,1,0,NO
1535,23,Male,Computer Science,0,7,0,0,NO
1536,22,Male,Computer Science,1,8,0,0,YES
1537,20,Male,Computer Science,0,8,0,1,YES
1538,20,Female,Computer Science,1,7,1,0,YES
1539,21,Male,Electrical,0,7,0,0,YES
1540,23,Male,Computer Science,1,7,0,0,NO
1541,21,Female,Information Technology,1,8,0,0,YES
1542,21,Male,Mechanical,0,6,1,0,NO
1543,20,Male,Civil,0,8,0,0,YES
1544,23,Female,Computer Science,0,7,1,1,NO
1545,21,Male,Electronics And Communication,0,8,0,1,YES
1546,24,Male,Electronics And Communication,1,7,0,0,NO
1547,21,Male,Electronics And Communication,1,6,0,0,NO
1548,21,Male,Electrical,0,8,0,0,YES
1549,22,Male,Computer Science,0,6,0,1,NO
1550,20,Male,Computer Science,2,7,0,0,NO
1551,21,Male,Computer Science,0,7,0,0,YES
1552,20,Male,Information Technology,0,6,0,0,NO
1553,23,Male,Information Technology,0,8,0,0,YES
1554,22,Male,Computer Science,0,7,0,0,NO
1555,21,Male,Information Technology,0,8,0,0,YES
1556,21,Male,Mechanical,0,6,1,0,YES
1557,24,Male,Information Technology,0,8,0,0,YES
1558,23,Male,Electronics And Communication,1,6,0,0,NO
1559,22,Male,Computer Science,0,7,0,0,YES
1560,20,Male,Mechanical,0,6,1,1,NO
1561,24,Male,Mechanical,0,7,1,0,YES
1562,21,Male,Information Technology,0,8,0,1,YES
1563,23,Male,Computer Science,2,7,0,1,YES
1564,23,Male,Mechanical,1,7,1,0,YES
1565,23,Male,Civil,0,8,0,0,YES
1566,22,Male,Electronics And Communication,1,7,0,0,NO
1567,24,Male,Mechanical,1,8,1,0,YES
1568,21,Female,Computer Science,0,8,1,1,YES
1569,22,Male,Computer Science,0,6,0,1,NO
1570,22,Male,Electronics And Communication,0,6,0,0,YES
1571,23,Male,Electrical,0,6,0,0,NO
1572,20,Male,Computer Science,1,7,0,0,YES
1573,22,Male,Computer Science,1,8,0,0,YES
1574,20,Male,Electronics And Communication,0,8,0,0,YES
1575,23,Male,Computer Science,1,7,0,0,NO
1576,21,Male,Information Technology,1,7,0,0,YES
1577,24,Male,Civil,0,8,0,0,YES
1578,21,Male,Information Technology,0,8,0,0,YES
1579,21,Male,Electrical,2,6,1,1,YES
1580,20,Female,Information Technology,0,6,0,0,NO
1581,23,Male,Computer Science,1,6,0,0,NO
1582,20,Male,Civil,2,5,0,0,NO
1583,21,Male,Mechanical,1,5,1,0,NO
1584,23,Female,Information Technology,1,6,1,0,NO
1585,24,Female,Electronics And Communication,0,5,0,0,NO
1586,22,Male,Civil,1,6,0,0,NO
1587,24,Male,Computer Science,1,5,0,0,NO
1588,23,Female,Computer Science,0,5,1,1,NO
1589,23,Male,Information Technology,0,5,0,1,NO
1590,23,Male,Information Technology,0,5,0,0,NO
1591,22,Male,Civil,2,6,0,0,NO
1592,24,Male,Information Technology,0,6,0,0,YES
1593,22,Male,Civil,0,6,0,0,YES
1594,24,Male,Computer Science,1,6,0,0,YES
1595,20,Male,Computer Science,1,5,0,0,NO
1596,20,Male,Computer Science,2,5,0,0,NO
1597,24,Male,Mechanical,0,5,0,1,NO
1598,24,Male,Civil,0,5,0,0,NO
1599,21,Male,Information Technology,0,5,0,0,NO
1600,23,Male,Electrical,1,6,0,1,NO
1601,21,Female,Computer Science,0,7,1,0,YES
1602,23,Female,Computer Science,1,7,1,0,YES
1603,20,Male,Civil,1,6,1,0,YES
1604,24,Female,Information Technology,1,7,0,0,NO
1605,24,Female,Mechanical,1,7,0,0,YES
1606,20,Male,Civil,0,7,1,1,NO
1607,23,Male,Electronics And Communication,0,6,0,1,NO
1608,24,Male,Mechanical,0,8,1,0,YES
1609,20,Male,Mechanical,0,8,1,1,YES
1610,23,Male,Information Technology,0,7,0,1,NO
1611,22,Female,Information Technology,0,8,0,0,YES
1612,24,Male,Electronics And Communication,0,7,0,0,NO
1613,23,Male,Information Technology,0,7,0,0,NO
1614,21,Male,Information Technology,0,7,0,0,YES
1615,23,Male,Computer Science,1,8,0,0,YES
1616,21,Female,Electronics And Communication,1,7,0,0,NO
1617,24,Male,Information Technology,1,7,0,0,YES
1618,24,Female,Electronics And Communication,0,8,0,0,YES
1619,22,Male,Information Technology,2,7,1,0,NO
1620,21,Female,Electronics And Communication,0,7,0,0,NO
1621,23,Male,Electronics And Communication,2,8,0,0,YES
1622,22,Male,Information Technology,0,7,0,0,YES
1623,24,Male,Civil,0,8,1,0,YES
1624,20,Male,Mechanical,1,8,0,0,YES
1625,22,Male,Computer Science,1,8,0,0,YES
1626,21,Male,Civil,0,8,0,0,YES
1627,20,Male,Information Technology,1,7,0,0,YES
1628,21,Male,Civil,0,8,1,0,YES
1629,22,Male,Computer Science,1,8,0,1,YES
1630,24,Male,Computer Science,1,7,0,0,NO
1631,21,Male,Civil,0,7,0,0,YES
1632,23,Male,Information Technology,1,8,0,0,YES
1633,21,Male,Electrical,0,6,0,0,YES
1634,20,Male,Mechanical,1,7,1,1,NO
1635,24,Male,Information Technology,1,8,0,0,YES
1636,20,Female,Computer Science,2,7,1,1,NO
1637,23,Female,Electronics And Communication,0,6,0,0,NO
1638,22,Male,Civil,0,6,0,0,NO
1639,22,Male,Computer Science,3,8,0,0,YES
1640,23,Male,Mechanical,1,8,1,0,YES
1641,23,Male,Information Technology,0,7,0,1,YES
1642,23,Male,Electrical,0,8,0,0,YES
1643,20,Male,Civil,0,8,0,0,YES
1644,24,Male,Mechanical,0,6,1,1,YES
1645,20,Female,Electronics And Communication,0,8,0,0,YES
1646,22,Male,Electronics And Communication,1,8,0,0,YES
1647,20,Male,Civil,2,6,0,0,YES
1648,23,Male,Electrical,0,7,0,0,YES
1649,21,Male,Civil,0,7,0,0,NO
1650,24,Male,Mechanical,0,6,1,0,YES
1651,21,Male,Mechanical,0,8,1,1,YES
1652,22,Male,Information Technology,1,7,0,0,YES
1653,24,Male,Information Technology,0,6,0,0,YES
1654,20,Male,Electrical,0,7,0,0,NO
1655,24,Male,Mechanical,1,8,1,1,YES
1656,22,Male,Mechanical,0,8,1,0,YES
1657,23,Male,Information Technology,2,7,0,0,YES
1658,21,Female,Information Technology,0,6,0,0,NO
1659,22,Male,Electronics And Communication,1,8,0,0,YES
1660,21,Male,Computer Science,0,6,0,1,YES
1661,23,Female,Computer Science,1,7,1,0,NO
1662,21,Male,Mechanical,0,7,1,0,NO
1663,21,Male,Electronics And Communication,0,7,0,1,NO
1664,20,Male,Information Technology,1,8,0,0,YES
1665,21,Male,Information Technology,1,8,0,0,YES
1666,22,Male,Computer Science,0,6,0,1,NO
1667,24,Male,Computer Science,1,8,0,0,YES
1668,20,Male,Electronics And Communication,0,7,0,0,NO
1669,21,Male,Information Technology,1,6,1,0,NO
1670,21,Male,Computer Science,0,6,0,1,NO
1671,21,Male,Electronics And Communication,0,8,0,1,YES
1672,21,Female,Computer Science,1,8,1,1,YES
1673,21,Female,Electronics And Communication,0,8,0,0,YES
1674,23,Female,Electronics And Communication,0,8,0,0,YES
1675,21,Male,Civil,0,6,1,1,NO
1676,24,Female,Electronics And Communication,0,8,0,0,YES
1677,23,Female,Mechanical,1,6,1,0,NO
1678,23,Male,Electrical,0,8,0,0,YES
1679,23,Male,Computer Science,1,8,0,0,YES
1680,22,Male,Information Technology,1,8,0,1,YES
1681,21,Male,Mechanical,0,6,1,0,NO
1682,24,Male,Information Technology,0,6,0,0,YES
1683,24,Male,Electronics And Communication,1,6,1,1,YES
1684,22,Male,Electronics And Communication,1,8,1,1,YES
1685,20,Male,Mechanical,0,6,1,0,NO
1686,20,Male,Computer Science,0,8,0,0,YES
1687,21,Male,Electrical,0,6,0,0,NO
1688,22,Male,Information Technology,0,6,0,0,NO
1689,24,Female,Electronics And Communication,0,6,0,0,YES
1690,21,Male,Information Technology,0,7,0,0,NO
1691,24,Female,Computer Science,1,7,1,0,YES
1692,22,Male,Information Technology,0,6,0,0,NO
1693,24,Male,Information Technology,2,8,0,0,YES
1694,22,Male,Information Technology,1,6,0,0,NO
1695,21,Male,Civil,0,7,1,1,NO
1696,20,Male,Mechanical,0,7,1,0,NO
1697,22,Male,Computer Science,0,6,0,0,NO
1698,21,Male,Computer Science,0,6,0,0,NO
1699,22,Male,Electronics And Communication,0,7,0,0,NO
1700,23,Male,Electronics And Communication,0,6,0,0,NO
1701,23,Female,Information Technology,1,5,0,0,NO
1702,22,Female,Computer Science,1,5,1,0,NO
1703,20,Female,Computer Science,0,5,1,1,NO
1704,20,Male,Mechanical,0,5,1,0,NO
1705,24,Female,Computer Science,2,5,1,0,NO
1706,24,Male,Electronics And Communication,0,6,0,0,YES
1707,22,Male,Information Technology,1,6,0,0,NO
1708,23,Female,Electronics And Communication,0,5,0,0,NO
1709,22,Male,Mechanical,1,6,1,0,NO
1710,21,Female,Mechanical,1,5,1,0,NO
1711,22,Male,Mechanical,1,5,0,0,NO
1712,24,Male,Information Technology,1,6,0,1,YES
1713,23,Male,Mechanical,0,5,1,1,NO
1714,23,Female,Civil,1,5,0,0,NO
1715,22,Male,Electrical,0,5,0,0,NO
1716,20,Male,Computer Science,1,5,0,0,NO
1717,23,Male,Computer Science,1,5,0,0,NO
1718,23,Male,Civil,0,5,0,0,NO
1719,21,Female,Information Technology,0,6,0,0,NO
1720,24,Male,Civil,0,6,0,0,YES
1721,23,Male,Computer Science,0,6,0,0,YES
1722,24,Male,Information Technology,1,6,0,0,YES
1723,22,Male,Information Technology,1,5,0,0,NO
1724,22,Male,Electrical,1,6,1,1,NO
1725,21,Male,Information Technology,0,5,0,0,NO
1726,21,Male,Electronics And Communication,0,6,0,0,NO
1727,20,Male,Computer Science,0,5,0,0,NO
1728,22,Male,Information Technology,0,6,0,0,NO
1729,23,Female,Mechanical,1,5,1,0,NO
1730,22,Male,Computer Science,2,6,0,0,YES
1731,23,Male,Civil,1,6,0,1,NO
1732,22,Male,Electrical,2,6,1,0,YES
1733,21,Male,Mechanical,0,5,1,1,NO
1734,21,Male,Electrical,0,6,0,0,NO
1735,20,Male,Mechanical,1,5,1,0,NO
1736,24,Male,Information Technology,0,6,0,0,YES
1737,23,Male,Mechanical,0,5,1,0,NO
1738,21,Male,Civil,0,5,0,1,NO
1739,21,Male,Computer Science,1,6,0,1,NO
1740,20,Male,Information Technology,0,6,0,0,NO
1741,21,Male,Computer Science,2,5,0,0,NO
1742,23,Male,Computer Science,3,6,0,0,YES
1743,21,Male,Electronics And Communication,1,5,0,0,NO
1744,22,Male,Electrical,1,6,0,1,NO
1745,20,Male,Civil,0,6,0,1,NO
1746,24,Male,Information Technology,0,6,0,0,YES
1747,24,Male,Electronics And Communication,1,6,0,1,YES
1748,22,Male,Mechanical,0,6,1,0,NO
1749,22,Male,Information Technology,0,6,0,0,NO
1750,23,Male,Civil,1,6,0,1,NO
1751,22,Male,Computer Science,0,6,0,0,NO
1752,24,Male,Mechanical,0,6,1,0,YES
1753,20,Male,Mechanical,0,6,1,1,NO
1754,24,Male,Civil,1,6,0,0,YES
1755,21,Male,Mechanical,1,5,1,0,NO
1756,23,Male,Computer Science,0,5,0,1,NO
1757,23,Female,Computer Science,1,5,1,0,NO
1758,23,Male,Computer Science,1,6,0,0,NO
1759,21,Male,Computer Science,1,6,0,0,NO
1760,22,Male,Civil,0,5,1,0,NO
1761,21,Male,Electronics And Communication,0,6,0,0,NO
1762,22,Male,Electrical,1,6,1,1,NO
1763,22,Male,Information Technology,0,5,0,0,NO
1764,23,Male,Civil,1,6,0,0,NO
1765,23,Male,Civil,0,6,0,1,NO
1766,21,Male,Electrical,0,6,0,1,NO
1767,21,Male,Computer Science,0,6,0,1,NO
1768,23,Female,Computer Science,1,8,1,0,YES
1769,20,Male,Computer Science,3,7,0,1,NO
1770,21,Male,Electronics And Communication,2,7,0,0,YES
1771,21,Female,Computer Science,0,7,1,0,NO
1772,23,Male,Computer Science,1,7,0,0,NO
1773,20,Male,Computer Science,1,6,0,0,NO
1774,21,Male,Information Technology,1,6,0,0,NO
1775,20,Male,Information Technology,0,8,0,0,YES
1776,22,Female,Information Technology,1,6,0,0,NO
1777,21,Female,Information Technology,1,6,0,0,NO
1778,24,Male,Information Technology,0,7,0,0,NO
1779,20,Male,Computer Science,1,8,0,0,YES
1780,23,Male,Electrical,1,8,0,0,YES
1781,22,Female,Electronics And Communication,1,7,1,0,NO
1782,20,Male,Information Technology,1,6,0,0,NO
1783,20,Male,Civil,0,7,0,0,NO
1784,24,Male,Computer Science,2,6,0,0,YES
1785,22,Male,Civil,0,8,1,0,YES
1786,20,Female,Information Technology,1,6,0,0,NO
1787,21,Male,Civil,0,8,1,0,YES
1788,22,Male,Mechanical,0,8,0,0,YES
1789,22,Male,Information Technology,1,8,1,0,YES
1790,22,Female,Electronics And Communication,0,8,0,0,YES
1791,24,Male,Civil,1,7,1,0,NO
1792,22,Male,Information Technology,1,6,0,0,NO
1793,23,Male,Information Technology,0,7,0,0,NO
1794,23,Male,Electronics And Communication,1,6,0,1,NO
1795,22,Female,Information Technology,1,6,0,0,NO
1796,23,Male,Mechanical,1,6,1,0,NO
1797,24,Male,Information Technology,0,6,0,0,YES
1798,24,Male,Information Technology,0,8,0,0,YES
1799,22,Male,Computer Science,0,6,0,1,NO
1800,24,Male,Computer Science,1,6,0,0,YES
1801,21,Female,Computer Science,0,7,1,0,NO
1802,24,Male,Computer Science,0,7,0,0,YES
1803,21,Male,Mechanical,0,8,0,0,YES
1804,24,Male,Civil,0,6,1,0,YES
1805,24,Male,Information Technology,1,6,0,0,YES
1806,21,Male,Electrical,1,6,0,0,NO
1807,24,Male,Electronics And Communication,1,8,0,1,YES
1808,20,Male,Computer Science,0,6,0,0,NO
1809,20,Female,Mechanical,1,6,1,0,NO
1810,24,Male,Computer Science,0,6,0,0,YES
1811,21,Male,Computer Science,2,8,0,0,YES
1812,22,Male,Computer Science,1,8,0,0,YES
1813,23,Male,Electronics And Communication,0,7,0,0,NO
1814,21,Female,Information Technology,0,8,0,0,YES
1815,23,Male,Computer Science,1,6,0,0,NO
1816,23,Male,Civil,0,8,0,0,YES
1817,22,Male,Electronics And Communication,0,7,0,0,NO
1818,24,Male,Electronics And Communication,1,7,1,1,NO
1819,22,Male,Information Technology,0,6,0,0,NO
1820,24,Male,Civil,0,7,1,1,NO
1821,21,Male,Mechanical,0,8,1,1,YES
1822,22,Female,Electronics And Communication,1,6,1,1,NO
1823,22,Male,Civil,0,7,0,0,NO
1824,22,Male,Information Technology,1,6,1,0,NO
1825,24,Female,Electronics And Communication,1,7,1,1,YES
1826,24,Male,Computer Science,0,6,0,1,YES
1827,23,Female,Mechanical,1,7,1,0,NO
1828,22,Male,Electronics And Communication,1,8,0,0,YES
1829,20,Female,Mechanical,1,8,1,0,YES
1830,21,Male,Civil,0,7,0,0,NO
1831,20,Male,Mechanical,1,7,1,0,NO
1832,22,Male,Computer Science,0,7,0,0,NO
1833,21,Male,Computer Science,2,6,0,0,YES
1834,23,Male,Computer Science,1,8,0,0,YES
1835,20,Male,Electronics And Communication,1,8,1,1,YES
1836,22,Female,Computer Science,1,6,1,0,NO
1837,20,Male,Mechanical,0,8,1,0,YES
1838,21,Male,Electronics And Communication,0,7,0,0,NO
1839,22,Male,Electronics And Communication,0,8,0,0,YES
1840,21,Male,Mechanical,0,7,1,0,NO
1841,23,Male,Electronics And Communication,0,6,0,0,NO
1842,21,Male,Electrical,0,7,0,0,NO
1843,21,Male,Information Technology,1,6,1,0,NO
1844,20,Male,Mechanical,0,6,1,1,NO
1845,21,Male,Computer Science,1,6,0,0,NO
1846,24,Male,Mechanical,0,8,1,1,YES
1847,21,Male,Electrical,0,6,0,0,NO
1848,22,Male,Civil,0,7,0,0,NO
1849,24,Female,Information Technology,1,7,0,0,NO
1850,22,Male,Computer Science,1,6,0,0,NO
1851,21,Male,Information Technology,2,8,0,0,YES
1852,23,Male,Computer Science,2,8,0,0,YES
1853,24,Male,Information Technology,2,8,0,0,YES
1854,22,Male,Mechanical,0,8,1,0,YES
1855,21,Male,Computer Science,1,8,0,0,YES
1856,21,Female,Computer Science,0,7,1,1,NO
1857,23,Male,Computer Science,0,6,0,0,NO
1858,20,Male,Information Technology,0,7,0,1,NO
1859,23,Male,Computer Science,0,6,0,0,NO
1860,23,Male,Electrical,1,7,0,0,YES
1861,21,Female,Information Technology,1,6,0,0,NO
1862,21,Male,Information Technology,2,7,0,0,YES
1863,22,Male,Mechanical,1,7,1,1,NO
1864,24,Male,Mechanical,1,7,1,0,NO
1865,21,Male,Information Technology,1,7,1,0,NO
1866,21,Male,Civil,0,7,1,0,NO
1867,21,Female,Electronics And Communication,1,7,1,0,NO
1868,20,Male,Computer Science,0,7,0,0,NO
1869,24,Male,Computer Science,1,7,0,0,NO
1870,20,Male,Information Technology,0,6,0,0,NO
1871,20,Female,Electrical,1,7,0,1,YES
1872,20,Male,Information Technology,0,7,0,0,NO
1873,24,Male,Electrical,1,7,0,0,YES
1874,22,Male,Electronics And Communication,1,8,0,1,YES
1875,23,Female,Information Technology,0,7,0,0,NO
1876,20,Male,Electronics And Communication,2,7,0,0,YES
1877,22,Male,Computer Science,0,6,0,0,NO
1878,21,Male,Electronics And Communication,0,8,0,0,YES
1879,21,Male,Computer Science,0,6,0,0,NO
1880,22,Male,Information Technology,0,8,0,1,YES
1881,22,Male,Computer Science,0,6,0,0,NO
1882,22,Male,Mechanical,0,6,1,0,NO
1883,22,Male,Information Technology,2,6,0,0,YES
1884,21,Male,Information Technology,1,7,0,0,NO
1885,22,Female,Electrical,0,8,0,0,YES
1886,23,Female,Electrical,0,6,0,0,NO
1887,24,Male,Electronics And Communication,0,6,0,0,YES
1888,24,Male,Civil,1,6,0,0,YES
1889,21,Female,Electrical,1,8,0,1,YES
1890,22,Female,Mechanical,1,6,1,0,NO
1891,20,Male,Information Technology,2,8,0,0,YES
1892,23,Male,Information Technology,0,8,0,0,YES
1893,21,Female,Computer Science,1,6,1,0,NO
1894,21,Male,Computer Science,0,6,0,0,NO
1895,21,Male,Information Technology,1,8,0,0,YES
1896,23,Male,Mechanical,1,8,1,0,YES
1897,22,Male,Electronics And Communication,0,7,0,0,NO
1898,23,Male,Information Technology,0,7,0,0,NO
1899,23,Male,Information Technology,2,6,0,0,YES
1900,20,Male,Mechanical,0,8,1,0,YES
1901,20,Male,Information Technology,0,8,0,0,YES
1902,22,Male,Computer Science,2,8,0,1,YES
1903,22,Male,Information Technology,1,7,0,0,YES
1904,21,Male,Information Technology,0,7,0,0,YES
1905,20,Male,Computer Science,1,8,0,0,YES
1906,20,Male,Electrical,2,7,1,0,YES
1907,21,Male,Information Technology,0,7,0,0,NO
1908,19,Female,Information Technology,1,8,0,1,YES
1909,19,Male,Electrical,1,8,0,0,YES
1910,21,Male,Computer Science,1,7,0,0,YES
1911,19,Male,Computer Science,0,7,0,0,YES
1912,20,Female,Computer Science,0,8,1,0,YES
1913,19,Male,Electrical,0,8,0,0,YES
1914,21,Female,Civil,1,8,0,1,YES
1915,21,Female,Computer Science,1,8,1,0,YES
1916,22,Male,Information Technology,0,7,0,0,NO
1917,20,Male,Electronics And Communication,0,8,0,0,YES
1918,22,Male,Electronics And Communication,1,7,0,0,NO
1919,21,Male,Computer Science,0,8,0,0,YES
1920,22,Male,Computer Science,0,7,0,0,NO
1921,21,Male,Computer Science,1,8,0,0,YES
1922,20,Male,Information Technology,1,8,0,0,YES
1923,22,Female,Mechanical,1,8,1,0,YES
1924,22,Female,Computer Science,0,8,1,0,YES
1925,21,Male,Electrical,0,8,0,0,YES
1926,22,Male,Mechanical,0,8,1,0,YES
1927,22,Female,Computer Science,1,7,1,0,YES
1928,19,Male,Computer Science,1,7,0,1,YES
1929,22,Male,Computer Science,0,8,0,1,YES
1930,22,Male,Computer Science,3,7,0,0,NO
1931,21,Male,Information Technology,0,7,0,0,NO
1932,22,Male,Information Technology,0,7,0,0,NO
1933,21,Male,Civil,1,7,0,0,NO
1934,20,Female,Information Technology,1,8,1,0,YES
1935,19,Male,Information Technology,0,8,0,0,YES
1936,21,Male,Electronics And Communication,1,8,0,1,YES
1937,21,Male,Information Technology,2,7,0,1,NO
1938,19,Male,Computer Science,1,8,0,0,YES
1939,22,Female,Computer Science,1,8,1,1,YES
1940,21,Male,Computer Science,1,8,0,0,YES
1941,19,Male,Electrical,1,8,0,1,YES
1942,19,Female,Electronics And Communication,1,7,0,0,YES
1943,21,Male,Electrical,0,8,0,0,YES
1944,20,Male,Computer Science,0,7,0,1,NO
1945,20,Male,Computer Science,1,7,0,0,NO
1946,22,Male,Mechanical,3,7,1,1,NO
1947,22,Male,Electronics And Communication,0,7,0,0,NO
1948,20,Female,Information Technology,1,7,1,0,YES
1949,20,Male,Information Technology,0,7,0,1,YES
1950,22,Female,Computer Science,3,8,1,0,YES
1951,22,Male,Electronics And Communication,2,8,0,0,YES
1952,19,Female,Civil,1,8,0,0,YES
1953,22,Male,Electronics And Communication,1,8,1,1,YES
1954,22,Male,Information Technology,0,8,0,1,YES
1955,20,Male,Mechanical,1,8,1,0,YES
1956,20,Male,Information Technology,1,8,1,1,YES
1957,20,Male,Mechanical,1,7,1,1,NO
1958,22,Female,Computer Science,1,7,1,0,NO
1959,20,Male,Computer Science,1,8,0,0,YES
1960,19,Male,Civil,1,7,0,0,NO
1961,21,Male,Civil,0,7,0,0,NO
1962,19,Male,Computer Science,2,7,0,0,YES
1963,22,Male,Electrical,0,7,0,0,NO
1964,19,Male,Electronics And Communication,0,8,0,0,YES
1965,19,Male,Civil,0,7,1,0,NO
1966,21,Male,Information Technology,0,8,0,0,YES
1967,19,Male,Civil,0,8,0,1,YES
1968,22,Male,Computer Science,1,8,0,0,YES
1969,20,Male,Computer Science,1,7,0,0,NO
1970,22,Male,Computer Science,0,7,0,0,NO
1971,21,Male,Information Technology,1,8,1,0,YES
1972,20,Male,Information Technology,1,8,1,0,YES
1973,19,Male,Mechanical,1,8,1,0,YES
1974,20,Male,Civil,1,8,0,0,YES
1975,21,Male,Computer Science,0,7,0,0,NO
1976,22,Male,Information Technology,0,8,0,0,YES
1977,20,Female,Computer Science,1,8,1,0,YES
1978,19,Male,Information Technology,1,7,0,0,NO
1979,21,Male,Computer Science,1,8,0,0,YES
1980,20,Male,Electronics And Communication,0,8,0,0,YES
1981,21,Male,Computer Science,1,8,0,0,YES
1982,20,Male,Mechanical,0,8,1,1,YES
1983,21,Male,Electrical,0,7,0,0,NO
1984,20,Male,Computer Science,2,8,0,0,YES
1985,21,Male,Computer Science,1,7,0,1,NO
1986,22,Male,Computer Science,0,8,0,0,YES
1987,19,Male,Electronics And Communication,0,8,0,0,YES
1988,19,Male,Civil,0,7,0,0,NO
1989,21,Male,Information Technology,0,7,0,0,NO
1990,21,Male,Mechanical,1,8,1,0,YES
1991,19,Male,Computer Science,0,8,0,0,YES
1992,22,Male,Computer Science,2,7,0,0,NO
1993,20,Male,Computer Science,1,7,0,0,NO
1994,22,Male,Information Technology,1,7,1,0,NO
1995,21,Male,Mechanical,0,8,1,0,YES
1996,19,Male,Electronics And Communication,0,8,0,0,YES
1997,20,Male,Information Technology,1,7,0,0,NO
1998,22,Male,Information Technology,1,8,0,0,YES
1999,20,Male,Computer Science,0,8,0,0,YES
2000,20,Male,Computer Science,0,8,0,0,YES
